Item,Rarirty,User
Type 19 - Celestial Ink,Mythic,Ł丨LU***ERঐ
Kilo 141 - Demonsong,Mythic,Gê***n°
Switchblade X9 - Neon Legend,Mythic,An***AD
Peacekeeper MK2 - Artifact,Mythic,ঐYu***VRঐ
Sophia - Dawn's Renewal,Mythic,ELh***tc
Ghost - Eternal Siege,Mythic,乄GHO***OOS乄
Siren - Siren Song,Mythic,亗Ro***tar
AK117 - Dazzling Rhythm,Legendary,CoC***so2
AK117 - Dazzling Rhythm,Legendary,cha***.s
AK117 - Dazzling Rhythm,Legendary,Bboys***kers
AK117 - Dazzling Rhythm,Legendary,漫J***ɅƦ
AK117 - Dazzling Rhythm,Legendary,Alex***vich
AK117 - Dazzling Rhythm,Legendary,Ri***69
AK117 - Dazzling Rhythm,Legendary,lud***@r
AK117 - Dazzling Rhythm,Legendary,Cés***R15
AK117 - Dazzling Rhythm,Legendary,Edwar***chiha
AK117 - Dazzling Rhythm,Legendary,»Sē***î«
AK117 - Dazzling Rhythm,Legendary,Char***roWn
AK117 - Dazzling Rhythm,Legendary,Dr.s***y26
AK117 - Dazzling Rhythm,Legendary,mas***a24
AK117 - Dazzling Rhythm,Legendary,ঔৣԞi***zlꫝ
AK117 - Dazzling Rhythm,Legendary,Bit***aky
AK117 - Dazzling Rhythm,Legendary,W**ø
AK117 - Dazzling Rhythm,Legendary,julioe***ngecr
AK117 - Dazzling Rhythm,Legendary,OƝĬƦ***ƲƬѦ
AK117 - Dazzling Rhythm,Legendary,Ronald***nandz
AK117 - Dazzling Rhythm,Legendary,No Le***Clovr
AK117 - Dazzling Rhythm,Legendary,Ʌ***ӽ
AK117 - Dazzling Rhythm,Legendary,JG°***ova
AK117 - Dazzling Rhythm,Legendary,Ƨƛ・***T4N
AK117 - Dazzling Rhythm,Legendary,sombra***adead
AK117 - Dazzling Rhythm,Legendary,G҉G҉・***SION
AK117 - Dazzling Rhythm,Legendary,jh***nt
AK117 - Dazzling Rhythm,Legendary,亗Ķ***Ṅ亗
AK117 - Dazzling Rhythm,Legendary,GA***8
AK117 - Dazzling Rhythm,Legendary,Gh***12
AK117 - Dazzling Rhythm,Legendary,.fª***n.
AK117 - Dazzling Rhythm,Legendary,LUC***3J
AK117 - Dazzling Rhythm,Legendary,/-Ra***n-/
AK117 - Dazzling Rhythm,Legendary,.ARK***CTO.
AK117 - Dazzling Rhythm,Legendary,Beike***eexs
AK117 - Dazzling Rhythm,Legendary,inr***01
AK117 - Dazzling Rhythm,Legendary,Nin***517
AK117 - Dazzling Rhythm,Legendary,.:ELI***ETH:.
AK117 - Dazzling Rhythm,Legendary,@Cami***eFes
AK117 - Dazzling Rhythm,Legendary,ꫝƦ^***äčk
AK117 - Dazzling Rhythm,Legendary,Migu***cTT
AK117 - Dazzling Rhythm,Legendary,Taquit***e.Res
AK117 - Dazzling Rhythm,Legendary,Alex***91nh
AK117 - Dazzling Rhythm,Legendary,ŌŴ・***eno
AK117 - Dazzling Rhythm,Legendary,ŁѶӃ***oﮓ
AK117 - Dazzling Rhythm,Legendary,Jhon***D05
AK117 - Dazzling Rhythm,Legendary,Tacoa***stor.
AK47 - Iron Lion,Legendary,Y**_
AK47 - Iron Lion,Legendary,Sr***WO
AK47 - Iron Lion,Legendary,ঔৣMî***Jêy
AK47 - Iron Lion,Legendary,117***y.
AK47 - Iron Lion,Legendary,.VER***HØR.
AK47 - Iron Lion,Legendary,Fran***ll20
AK47 - Iron Lion,Legendary,El_Al***do02
AK47 - Iron Lion,Legendary,Dog***15
AK47 - Iron Lion,Legendary,AC+***nG
AK47 - Iron Lion,Legendary,elkanc***ero86
AK47 - Iron Lion,Legendary,cha***5.
AK47 - Iron Lion,Legendary,Edua***g97
AK47 - Iron Lion,Legendary,尺でĦ***eli
AK47 - Iron Lion,Legendary,[94k6***5j64
AK47 - Iron Lion,Legendary,Ҟ۝s丨***ALD
AK47 - Iron Lion,Legendary,McL***ño1
AK47 - Iron Lion,Legendary,eli***28
AK47 - Iron Lion,Legendary,lobit***rrxd
AK47 - Iron Lion,Legendary,霍*曼
AK47 - Iron Lion,Legendary,pepeg***loop
AK47 - Iron Lion,Legendary,CheC***ome
AK47 - Iron Lion,Legendary,Great***yann
AK47 - Iron Lion,Legendary,Santi***VS14
AK47 - Iron Lion,Legendary,27b***it0
AK47 - Iron Lion,Legendary,Vat***41
AK47 - Iron Lion,Legendary,ƊӇ~И***DƸUƧ
AK47 - Iron Lion,Legendary,Alas***.987
AK47 - Iron Lion,Legendary,Ƒяа***Ӄঔ
AK47 - Iron Lion,Legendary,ªลTh***kerঔ
AK47 - Iron Lion,Legendary,ҞɆŁ***৳৳
AK47 - Iron Lion,Legendary,Skol***X_X)
AK47 - Iron Lion,Legendary,Cal***to
AK47 - Iron Lion,Legendary,ADV***CK
AK47 - Iron Lion,Legendary,CON***SST
AK47 - Iron Lion,Legendary,Bar***t+
AK47 - Iron Lion,Legendary,(A):***ION
AK47 - Iron Lion,Legendary,ӁD£B***.Com
AK47 - Iron Lion,Legendary,Igni***rako
AK47 - Iron Lion,Legendary,Ɲaca***naTK
AK47 - Iron Lion,Legendary,Asta***h-6
AK47 - Iron Lion,Legendary,0k***r
AK47 - Iron Lion,Legendary,Luf***02
AK47 - Iron Lion,Legendary,RON***34
AK47 - Iron Lion,Legendary,FANT***Aঔৣ
AK47 - Iron Lion,Legendary,21Ga***ordo
AK47 - Iron Lion,Legendary,匚モ・C***LY°
M13 - Carrot Cutie,Legendary,Alîs***līc
M13 - Carrot Cutie,Legendary,1cami***add7
M13 - Carrot Cutie,Legendary,~MIX***TL~
M13 - Carrot Cutie,Legendary,Jul***eme
M13 - Carrot Cutie,Legendary,°***°
M13 - Carrot Cutie,Legendary,ElAni***LaDor
M13 - Carrot Cutie,Legendary,Vla***lvs
M13 - Carrot Cutie,Legendary,[agPX***7BZv
M13 - Carrot Cutie,Legendary,4.20・***AIYA
M13 - Carrot Cutie,Legendary,Chri***15x
M13 - Carrot Cutie,Legendary,UnWa***uan0
M13 - Carrot Cutie,Legendary,Mery***zlo
M13 - Carrot Cutie,Legendary,McLO***N23
M13 - Carrot Cutie,Legendary,Nyň***ţø
M13 - Carrot Cutie,Legendary,ем***ч
M13 - Carrot Cutie,Legendary,[dLKH***JFnc
M13 - Carrot Cutie,Legendary,§Max***24§
M13 - Carrot Cutie,Legendary,bi***2
M13 - Carrot Cutie,Legendary,Hari***・ƬW
M13 - Carrot Cutie,Legendary,And***197
M13 - Carrot Cutie,Legendary,Min***92
M13 - Carrot Cutie,Legendary,Bwl·A***andro
M13 - Carrot Cutie,Legendary,El.Va***ro:)
M13 - Carrot Cutie,Legendary,Huert***Limón
M13 - Carrot Cutie,Legendary,ӃRメ***PEC
M13 - Carrot Cutie,Legendary,TRAI***Nঐু؁
M13 - Carrot Cutie,Legendary,/soloL***LING/
M13 - Carrot Cutie,Legendary,ƖƙメO***mus®
M13 - Carrot Cutie,Legendary,AxelS***er507
M13 - Carrot Cutie,Legendary,Ros***...
M13 - Carrot Cutie,Legendary,eldi***o235
M13 - Carrot Cutie,Legendary,_7Fe***e7_
M13 - Carrot Cutie,Legendary,Gob***GD
M13 - Carrot Cutie,Legendary,La_***Ka.
M13 - Carrot Cutie,Legendary,Tiha***3/24
M13 - Carrot Cutie,Legendary,CB-***ĈĘঐ
M13 - Carrot Cutie,Legendary,KittyC***a5270
M13 - Carrot Cutie,Legendary,C***H
M13 - Carrot Cutie,Legendary,Hin***.DR
M13 - Carrot Cutie,Legendary,Maximu***01218
M13 - Carrot Cutie,Legendary,xN***ne
M13 - Carrot Cutie,Legendary,D.E.***.I.
M13 - Carrot Cutie,Legendary,Pichu***NG96
M13 - Carrot Cutie,Legendary,[aIYc***Czj8
M13 - Carrot Cutie,Legendary,CHI***S<3
M13 - Carrot Cutie,Legendary,kin***ota
Locus - Neptune,Legendary,۝Gus***ost۝
Locus - Neptune,Legendary,James***mbat
Locus - Neptune,Legendary,尺の***°火
Locus - Neptune,Legendary,*TheD***or46*
Locus - Neptune,Legendary,mayi***304
Locus - Neptune,Legendary,Quee***nAim
Locus - Neptune,Legendary,2Davin***uoAZt
Locus - Neptune,Legendary,H么Y***๛R
Locus - Neptune,Legendary,jysu***ck.
Locus - Neptune,Legendary,Mauric***_diaz
Locus - Neptune,Legendary,Rom***0nj
Locus - Neptune,Legendary,luci***ion
Locus - Neptune,Legendary,Itze***_07
Locus - Neptune,Legendary,La_n3g***omasa
Locus - Neptune,Legendary,Mic***95
Locus - Neptune,Legendary,彡۝CH***NO۝彡
Locus - Neptune,Legendary,Wil***14
Locus - Neptune,Legendary,Dra***ub
Locus - Neptune,Legendary,Lu***2y
Locus - Neptune,Legendary,gile***nda2
Locus - Neptune,Legendary,Cun***92
Locus - Neptune,Legendary,Chü***77
Locus - Neptune,Legendary,Chri***it07
Locus - Neptune,Legendary,乂GHOS***ANEメ
Locus - Neptune,Legendary,ElGu***nOk
Locus - Neptune,Legendary,ঐ..MI***L..ঐ
Locus - Neptune,Legendary,PAT***A°°
Locus - Neptune,Legendary,Jho***Exe
Locus - Neptune,Legendary,Sepu***da77
Locus - Neptune,Legendary,xThe***peRx
Locus - Neptune,Legendary,ȺƵゝM***ael
Locus - Neptune,Legendary,Samue***2401
Locus - Neptune,Legendary,Aar***Caz
Locus - Neptune,Legendary,INQUIS***R-APT
Locus - Neptune,Legendary,EL.A.***.R<3
Locus - Neptune,Legendary,C***a
Locus - Neptune,Legendary,Andyn***rirr
Locus - Neptune,Legendary,DäN***18
Locus - Neptune,Legendary,V**N
Locus - Neptune,Legendary,Santi***VL23
Locus - Neptune,Legendary,fri***000
Locus - Neptune,Legendary,5ĐCi***troঐ
Locus - Neptune,Legendary,Fabi***shi
Locus - Neptune,Legendary,wu***s
Locus - Neptune,Legendary,SFATh***prime
Locus - Neptune,Legendary,Guer***....
BY15 - Boba Blaster,Legendary,bigk***alex
BY15 - Boba Blaster,Legendary,O҉・M***rick
BY15 - Boba Blaster,Legendary,ghos***otx
BY15 - Boba Blaster,Legendary,Niña***y15
BY15 - Boba Blaster,Legendary,F/HSn***_Eyes
BY15 - Boba Blaster,Legendary,Antx***u09
BY15 - Boba Blaster,Legendary,×f多Al***jV.S
BY15 - Boba Blaster,Legendary,n2***1
BY15 - Boba Blaster,Legendary,Mei***an
BY15 - Boba Blaster,Legendary,maxi***oo:)
BY15 - Boba Blaster,Legendary,Gera***M.H
BY15 - Boba Blaster,Legendary,SaBaL***__218
BY15 - Boba Blaster,Legendary,Nøzz***xe7
BY15 - Boba Blaster,Legendary,0.té***co.0
BY15 - Boba Blaster,Legendary,V§_C***nche
BY15 - Boba Blaster,Legendary,GRU***TE
BY15 - Boba Blaster,Legendary,K@RM***-_-
BY15 - Boba Blaster,Legendary,zein***丨LȺ
BY15 - Boba Blaster,Legendary,Mik3***502
BY15 - Boba Blaster,Legendary,Ruu***ঔৣ
BY15 - Boba Blaster,Legendary,乙๛Rã***loš
BY15 - Boba Blaster,Legendary,Señor***rian
BY15 - Boba Blaster,Legendary,YAK***151
BY15 - Boba Blaster,Legendary,REA***4L
BY15 - Boba Blaster,Legendary,kikeL***reton
BY15 - Boba Blaster,Legendary,ľøp***g*z
BY15 - Boba Blaster,Legendary,BLA***NZL
BY15 - Boba Blaster,Legendary,El_b***aco®
BY15 - Boba Blaster,Legendary,silv***oxtc
BY15 - Boba Blaster,Legendary,利奧***·
BY15 - Boba Blaster,Legendary,X么Ou***oros
BY15 - Boba Blaster,Legendary,ANTO***JR.
BY15 - Boba Blaster,Legendary,Humbe***rova
BY15 - Boba Blaster,Legendary,kris***nk.
BY15 - Boba Blaster,Legendary,San***Fě
BY15 - Boba Blaster,Legendary,Elpred***inato
BY15 - Boba Blaster,Legendary,Osw***re
BY15 - Boba Blaster,Legendary,Osmal***aggy
BY15 - Boba Blaster,Legendary,łN***sł
BY15 - Boba Blaster,Legendary,SHADO***RDEN®
BY15 - Boba Blaster,Legendary,Nabe***s83
BY15 - Boba Blaster,Legendary,~THE***ERO~
BY15 - Boba Blaster,Legendary,Hec***sur
BY15 - Boba Blaster,Legendary,-Z***t-
BY15 - Boba Blaster,Legendary,Eln***ko
BY15 - Boba Blaster,Legendary,Roxy***ynay
Ghost - Retribution,Legendary,Er***m
Ghost - Retribution,Legendary,Vi***M
Ghost - Retribution,Legendary,Pipe***man
Ghost - Retribution,Legendary,本FATS***0本LE
Ghost - Retribution,Legendary,OƦ・***car
Ghost - Retribution,Legendary,MiGU***L98
Ghost - Retribution,Legendary,yeiso***0101
Ghost - Retribution,Legendary,LUI***.S
Ghost - Retribution,Legendary,Fê***ng
Ghost - Retribution,Legendary,MUF***A-
Ghost - Retribution,Legendary,.RE***OT.
Ghost - Retribution,Legendary,Lui***mar
Ghost - Retribution,Legendary,TG么LI***DO-LS
Ghost - Retribution,Legendary,Twic***stGG
Ghost - Retribution,Legendary,Alb***yt
Ghost - Retribution,Legendary,:Ghos***rice:
Ghost - Retribution,Legendary,elaxte***nador
Ghost - Retribution,Legendary,_x***t
Ghost - Retribution,Legendary,>Alex***tony<
Ghost - Retribution,Legendary,RG4L***4180
Ghost - Retribution,Legendary,Ruci***ro1
Ghost - Retribution,Legendary,ИɅ***ツ
Ghost - Retribution,Legendary,jife***arno
Ghost - Retribution,Legendary,COMA***JDML
Ghost - Retribution,Legendary,IƝɃ丨***liN
Ghost - Retribution,Legendary,Man***aje
Ghost - Retribution,Legendary,Trev***o05
Ghost - Retribution,Legendary,Thepun***er.fc
Ghost - Retribution,Legendary,SH***ØW
Ghost - Retribution,Legendary,~MR***ch~
Ghost - Retribution,Legendary,Jac***nzo
Ghost - Retribution,Legendary,Rs***mu
Ghost - Retribution,Legendary,iGeniu***weety
Ghost - Retribution,Legendary,FDM~¢***o~11
Ghost - Retribution,Legendary,DRAK***ROTH
Ghost - Retribution,Legendary,eli***o06
Ghost - Retribution,Legendary,Al***y
Ghost - Retribution,Legendary,Cuéll***2233
Ghost - Retribution,Legendary,Sch***der
Ghost - Retribution,Legendary,Franc***c0l1
Ghost - Retribution,Legendary,R/Ju***th.ঐ
Ghost - Retribution,Legendary,Luis***acuy
Ghost - Retribution,Legendary,彡Ul***s丨
Ghost - Retribution,Legendary,Valen***a9501
Ghost - Retribution,Legendary,LƝ§۞***res
Ghost - Retribution,Legendary,Rodrí***z103
Nikto - Dark Side,Legendary,>>Cr***By<<
Nikto - Dark Side,Legendary,avef***x32
Nikto - Dark Side,Legendary,ма***еи
Nikto - Dark Side,Legendary,XLS***IKI
Nikto - Dark Side,Legendary,Hanz***arl
Nikto - Dark Side,Legendary,Wilfr***rimon
Nikto - Dark Side,Legendary,soli***2231
Nikto - Dark Side,Legendary,山卩***o
Nikto - Dark Side,Legendary,H***ツ
Nikto - Dark Side,Legendary,VR***Z
Nikto - Dark Side,Legendary,ȺƦǤ***ken
Nikto - Dark Side,Legendary,Loza***01x
Nikto - Dark Side,Legendary,ঐL***ta
Nikto - Dark Side,Legendary,kir***th
Nikto - Dark Side,Legendary,[1U75***FHf2
Nikto - Dark Side,Legendary,NoS***sé
Nikto - Dark Side,Legendary,れłC***ﮓでY
Nikto - Dark Side,Legendary,Älëj***rö12
Nikto - Dark Side,Legendary,HLF***SMI
Nikto - Dark Side,Legendary,SCOOT***AZUL
Nikto - Dark Side,Legendary,ゴゴJ***ゴゴ
Nikto - Dark Side,Legendary,Chi***1M
Nikto - Dark Side,Legendary,[1e9L***4s5O
Nikto - Dark Side,Legendary,ƤѴツC***ente
Nikto - Dark Side,Legendary,Alone.***.Dark
Nikto - Dark Side,Legendary,iD***y
Nikto - Dark Side,Legendary,BAD***nry
Nikto - Dark Side,Legendary,mart***j._
Nikto - Dark Side,Legendary,Ferna***cal56
Nikto - Dark Side,Legendary,theM***oro
Nikto - Dark Side,Legendary,LaMo***Roja
Nikto - Dark Side,Legendary,J***1
Nikto - Dark Side,Legendary,ƊƘ・***elo
Nikto - Dark Side,Legendary,Aco***dre
Nikto - Dark Side,Legendary,[iAk4***AOgv
Nikto - Dark Side,Legendary,DEÅ***OŤ
Nikto - Dark Side,Legendary,W_天m***gi天
Nikto - Dark Side,Legendary,TITAN***2358
Nikto - Dark Side,Legendary,DB***n
Nikto - Dark Side,Legendary,Bra***ix
Nikto - Dark Side,Legendary,TODAS***ENTEN
Nikto - Dark Side,Legendary,Carlo***orre
Nikto - Dark Side,Legendary,Cabo***per
Nikto - Dark Side,Legendary,Ǥł・1H***ACHE
Nikto - Dark Side,Legendary,Amil***N23
Nikto - Dark Side,Legendary,Samuk***er14
Gunzo - Devil Jester,Legendary,XO***o
Gunzo - Devil Jester,Legendary,NMS/\_***rVeno
Gunzo - Devil Jester,Legendary,El-***th*
Gunzo - Devil Jester,Legendary,Sr.C***ez96
Gunzo - Devil Jester,Legendary,Menas***tor44
Gunzo - Devil Jester,Legendary,mane***0608
Gunzo - Devil Jester,Legendary,ZEROM***O-BOT
Gunzo - Devil Jester,Legendary,ITACHI***HIHA9
Gunzo - Devil Jester,Legendary,丂爪亗***p۶ৎ
Gunzo - Devil Jester,Legendary,Mrs-d***nix<3
Gunzo - Devil Jester,Legendary,Leni***ind
Gunzo - Devil Jester,Legendary,alíj***neí
Gunzo - Devil Jester,Legendary,Ru***ºf
Gunzo - Devil Jester,Legendary,Oro***92
Gunzo - Devil Jester,Legendary,乂HI***N么乙
Gunzo - Devil Jester,Legendary,R乇X***۶ৎ
Gunzo - Devil Jester,Legendary,WILIN***9715
Gunzo - Devil Jester,Legendary,-SH***KU-
Gunzo - Devil Jester,Legendary,@N***12
Gunzo - Devil Jester,Legendary,TheMa***angua
Gunzo - Devil Jester,Legendary,(RB)Os***edtre
Gunzo - Devil Jester,Legendary,Manue***er123
Gunzo - Devil Jester,Legendary,Dan***ik
Gunzo - Devil Jester,Legendary,T***3
Gunzo - Devil Jester,Legendary,Ɖя・P***INO
Gunzo - Devil Jester,Legendary,piky-***nders
Gunzo - Devil Jester,Legendary,jordy***olfre
Gunzo - Devil Jester,Legendary,ITS***S£ঐ
Gunzo - Devil Jester,Legendary,@joh***ck4
Gunzo - Devil Jester,Legendary,(-Sub***ro-)
Gunzo - Devil Jester,Legendary,OT***ni
Gunzo - Devil Jester,Legendary,~Lu***Bঐ
Gunzo - Devil Jester,Legendary,kl***c
Gunzo - Devil Jester,Legendary,[7Dvr***uzsg
Gunzo - Devil Jester,Legendary,DA_***LOS
Gunzo - Devil Jester,Legendary,Dani***5mx
Gunzo - Devil Jester,Legendary,choc***ocoৡ
Gunzo - Devil Jester,Legendary,Lau_***irez
Gunzo - Devil Jester,Legendary,Luis***434
Gunzo - Devil Jester,Legendary,La***vt
Gunzo - Devil Jester,Legendary,@ApexU***matum
Gunzo - Devil Jester,Legendary,>Se***z<
Gunzo - Devil Jester,Legendary,F**Ɲ
Gunzo - Devil Jester,Legendary,ŘɎƱ***ӏӏ
Gunzo - Devil Jester,Legendary,JULI***HO05
Gunzo - Devil Jester,Legendary,LaGo***taMs
Ghost - Azrael,Epic,Gab***th
Ghost - Azrael,Epic,ƧMƬ・***GONE
Ghost - Azrael,Epic,JOR***JLR
Ghost - Azrael,Epic,iD***ø§
Ghost - Azrael,Epic,@Happ***azy19
Ghost - Azrael,Epic,৻ꪆ~L***~৻ꪆ
Ghost - Azrael,Epic,GSEn***0907
Ghost - Azrael,Epic,alej***.ȻҜ
Ghost - Azrael,Epic,ANDER***-MVP
Ghost - Azrael,Epic,(UN***D).
Ghost - Azrael,Epic,A.***.7
Ghost - Azrael,Epic,ƝX丨Ga***hota
Ghost - Azrael,Epic,Ar***n
Ghost - Azrael,Epic,Polarj***acod.
Ghost - Azrael,Epic,101da***tas1
Ghost - Azrael,Epic,Jse***xh
Ghost - Azrael,Epic,RËIN***ѦDË
Ghost - Azrael,Epic,ƧƝ・***ter
Ghost - Azrael,Epic,Hi***77
Ghost - Azrael,Epic,Joel***0507
Ghost - Azrael,Epic,Bjorn***dbrok
Ghost - Azrael,Epic,ǤOE・A***ONDA
Ghost - Azrael,Epic,Ɗą***l
Ghost - Azrael,Epic,ƝS/***ETÄ
Ghost - Azrael,Epic,Bart***Simp
Ghost - Azrael,Epic,GHoS***NKeY
Ghost - Azrael,Epic,Ros***eo
Ghost - Azrael,Epic,Kin***r14
Ghost - Azrael,Epic,§P¢***ias
Ghost - Azrael,Epic,SANT***UERT
Ghost - Azrael,Epic,Ang***um
Ghost - Azrael,Epic,ǰ***n
Ghost - Azrael,Epic,M.R***dy
Ghost - Azrael,Epic,B-M***666
Ghost - Azrael,Epic,@s***ei
Ghost - Azrael,Epic,ꪑꪝL***DA
Ghost - Azrael,Epic,[efg4***ucLy
Ghost - Azrael,Epic,-:-MI***L-:-
Ghost - Azrael,Epic,Firest***4237@
Ghost - Azrael,Epic,乃乃-J***ertH
Ghost - Azrael,Epic,Eldri***King
Ghost - Azrael,Epic,Ale***926
Ghost - Azrael,Epic,Hugos***hez01
Ghost - Azrael,Epic,ǤŦØ***rô
Ghost - Azrael,Epic,sh***-
Ghost - Azrael,Epic,এAnd***01平和
Ghost - Azrael,Epic,LÁMB***ĆAS
Ghost - Azrael,Epic,Ƒ丨Ju***+Vও
Ghost - Azrael,Epic,AG***5
Ghost - Azrael,Epic,pirta***urus
Ghost - Azrael,Epic,Overl***4:20
Ghost - Azrael,Epic,AMÎR***MÎR
Ghost - Azrael,Epic,ĦŦ۞***i۞
Ghost - Azrael,Epic,Ðwミ***i.h
Ghost - Azrael,Epic,Wi***kx
Ghost - Azrael,Epic,SH***xD
Ghost - Azrael,Epic,may***lXD
Ghost - Azrael,Epic,\\Vi***r//
Ghost - Azrael,Epic,JrTe***z777
Ghost - Azrael,Epic,YO***SS
Ghost - Azrael,Epic,Demon***etlax
Ghost - Azrael,Epic,Sk8****ecA
Ghost - Azrael,Epic,ꪑꪝPa***lml
Ghost - Azrael,Epic,sol***rKD
Ghost - Azrael,Epic,ƐƝ丨***ESA
Ghost - Azrael,Epic,GHOST2***09900
Ghost - Azrael,Epic,insa***i32
Ghost - Azrael,Epic,ƬƦ/***k35
Ghost - Azrael,Epic,Y.E***O.
Ghost - Azrael,Epic,Baró***emo®
Ghost - Azrael,Epic,[4tS3***7I2e
Ghost - Azrael,Epic,H***c
Ghost - Azrael,Epic,°.A***.°
Ghost - Azrael,Epic,Smai***g98
Ghost - Azrael,Epic,St***yn
Ghost - Azrael,Epic,TORD***3023
Ghost - Azrael,Epic,Iter***uxa
Ghost - Azrael,Epic,WG玄AN***Y117
Ghost - Azrael,Epic,ugly_***pard
Ghost - Azrael,Epic,OC_么***EX么
Ghost - Azrael,Epic,Abe***907
Ghost - Azrael,Epic,C@l***l@
Ghost - Azrael,Epic,JAVEMA***URUMI
Ghost - Azrael,Epic,JoseA***l222
Ghost - Azrael,Epic,wil***18
Ghost - Azrael,Epic,lui***59
Ghost - Azrael,Epic,[8WBl***aPQu
Ghost - Azrael,Epic,Su***6
Ghost - Azrael,Epic,.____***___.
Ghost - Azrael,Epic,THE***RTO
Ghost - Azrael,Epic,Kei***115
Ghost - Azrael,Epic,Ƭan***o+J
Ghost - Azrael,Epic,Dar***oAP
Ghost - Azrael,Epic,DANRES***PEACE
Ghost - Azrael,Epic,keth***1317
Ghost - Azrael,Epic,DlO§***§U¥A
Ghost - Azrael,Epic,2Bool***elo2
Ghost - Azrael,Epic,ƤĘS***³x
Ghost - Azrael,Epic,[fjcf***wEcg
Ghost - Azrael,Epic,Ur***os
Spectre - Pixel Spy,Epic,SH***R2
Spectre - Pixel Spy,Epic,P-X***UEL
Spectre - Pixel Spy,Epic,Ghost***ulade
Spectre - Pixel Spy,Epic,Wī***es
Spectre - Pixel Spy,Epic,LIC.ch***s10:)
Spectre - Pixel Spy,Epic,Ʌک°***ams
Spectre - Pixel Spy,Epic,۩・***aṪ
Spectre - Pixel Spy,Epic,Just***550
Spectre - Pixel Spy,Epic,E***.
Spectre - Pixel Spy,Epic,3Fre***ott9
Spectre - Pixel Spy,Epic,Jor***vm
Spectre - Pixel Spy,Epic,亗Ø***۞
Spectre - Pixel Spy,Epic,MC..***IBER
Spectre - Pixel Spy,Epic,aplap***prime
Spectre - Pixel Spy,Epic,vTk***mer
Spectre - Pixel Spy,Epic,Jos***.E
Spectre - Pixel Spy,Epic,[4A+N***YWzv
Spectre - Pixel Spy,Epic,۝GTs***toro
Spectre - Pixel Spy,Epic,Sr***ha
Spectre - Pixel Spy,Epic,sar***oca
Spectre - Pixel Spy,Epic,@D***10
Spectre - Pixel Spy,Epic,D么V***42
Spectre - Pixel Spy,Epic,bra***cor
Spectre - Pixel Spy,Epic,400***X.
Spectre - Pixel Spy,Epic,ZE***ৎ
Spectre - Pixel Spy,Epic,ツ..***O_¥
Spectre - Pixel Spy,Epic,jan***sg
Spectre - Pixel Spy,Epic,R**亗
Spectre - Pixel Spy,Epic,Lo***ꪆ
Spectre - Pixel Spy,Epic,۝Ł§陽***xDMC
Spectre - Pixel Spy,Epic,Dmcjv***plin
Spectre - Pixel Spy,Epic,ঌ×***st
Spectre - Pixel Spy,Epic,ÇÖĆ***ÖĆÖ
Spectre - Pixel Spy,Epic,Ma***wo
Spectre - Pixel Spy,Epic,এ***a
Spectre - Pixel Spy,Epic,[c2SA***ypW4
Spectre - Pixel Spy,Epic,[2Zwt***By8c
Spectre - Pixel Spy,Epic,LŢK乡***įTT۝
Spectre - Pixel Spy,Epic,[62Rl***xGew
Spectre - Pixel Spy,Epic,>SS<***O^s
Spectre - Pixel Spy,Epic,kat***17
Spectre - Pixel Spy,Epic,WOLF***CROW
Spectre - Pixel Spy,Epic,D23_Z***t616
Spectre - Pixel Spy,Epic,Yañ***62
Spectre - Pixel Spy,Epic,Nan***888
Spectre - Pixel Spy,Epic,ӇƇ.ja***cillo
Spectre - Pixel Spy,Epic,Ps***98
Spectre - Pixel Spy,Epic,Dea***n2
Spectre - Pixel Spy,Epic,TG・A***O・亗
Spectre - Pixel Spy,Epic,Sol***AP
Spectre - Pixel Spy,Epic,rom***RAP
Spectre - Pixel Spy,Epic,6Inter***oAZ37
Spectre - Pixel Spy,Epic,T_***_C
Spectre - Pixel Spy,Epic,ঐMAR***OSEঐ
Spectre - Pixel Spy,Epic,0®***i
Spectre - Pixel Spy,Epic,6th・***hana
Spectre - Pixel Spy,Epic,ĄŅ***§
Spectre - Pixel Spy,Epic,ARE***8§º
Spectre - Pixel Spy,Epic,Sak***۶ৎ
Spectre - Pixel Spy,Epic,Stac***1992
Spectre - Pixel Spy,Epic,爪_M***SHI
Spectre - Pixel Spy,Epic,YoSo***lter
Spectre - Pixel Spy,Epic,TP_Ko***skii
Spectre - Pixel Spy,Epic,MĄN***ITŌ
Spectre - Pixel Spy,Epic,亗*SE***OR*交
Spectre - Pixel Spy,Epic,mi***09
Spectre - Pixel Spy,Epic,DRAC***500
Spectre - Pixel Spy,Epic,toma***a45
Spectre - Pixel Spy,Epic,VLта***яѳঐ
Spectre - Pixel Spy,Epic,RO***A
Spectre - Pixel Spy,Epic,ƓɆƦ***Łツ
Spectre - Pixel Spy,Epic,8DE***OOL
Spectre - Pixel Spy,Epic,CTO>P***rroR.
Spectre - Pixel Spy,Epic,Nl-Jho***el_89
Spectre - Pixel Spy,Epic,ঐॢDe***oolॢ
Spectre - Pixel Spy,Epic,Pd***9
Spectre - Pixel Spy,Epic,~Dar***ch~
Spectre - Pixel Spy,Epic,Sa***MX
Spectre - Pixel Spy,Epic,TG3-TO***MAKTO
Spectre - Pixel Spy,Epic,J***e
Spectre - Pixel Spy,Epic,FER***.8
Spectre - Pixel Spy,Epic,BM***s
Spectre - Pixel Spy,Epic,乡XCA***UR乡
Spectre - Pixel Spy,Epic,August***07952
Spectre - Pixel Spy,Epic,sk_l***o42
Spectre - Pixel Spy,Epic,Sil***cox
Spectre - Pixel Spy,Epic,ơ*.
Spectre - Pixel Spy,Epic,-D***R-
Spectre - Pixel Spy,Epic,TAU***LY
Spectre - Pixel Spy,Epic,CƧI・***ąrët
Spectre - Pixel Spy,Epic,茶TƊ-C***JaMa
Spectre - Pixel Spy,Epic,Ƒ・Ec***sa۶ৎ
Spectre - Pixel Spy,Epic,Ares***ce23
Spectre - Pixel Spy,Epic,RoR***30
Spectre - Pixel Spy,Epic,Guil***mohh
Spectre - Pixel Spy,Epic,seco***C..
Spectre - Pixel Spy,Epic,DarkL***i1511
Spectre - Pixel Spy,Epic,ImMi***.ঐু؁
Spectre - Pixel Spy,Epic,zl***se
Spectre - Pixel Spy,Epic,¥Sot***-P¥
Urban Tracker - Peacetime,Epic,۩The~***iac۩
Urban Tracker - Peacetime,Epic,Roman***Shark
Urban Tracker - Peacetime,Epic,¥..El***O..¥
Urban Tracker - Peacetime,Epic,あK***yএ
Urban Tracker - Peacetime,Epic,Ku***eシ
Urban Tracker - Peacetime,Epic,Naz***MA
Urban Tracker - Peacetime,Epic,Đ²۞Đ***ƩVIƝ
Urban Tracker - Peacetime,Epic,_t***y_
Urban Tracker - Peacetime,Epic,R***X
Urban Tracker - Peacetime,Epic,Ala***95
Urban Tracker - Peacetime,Epic,elo***ooo
Urban Tracker - Peacetime,Epic,°\***ed
Urban Tracker - Peacetime,Epic,Ubal***7gt
Urban Tracker - Peacetime,Epic,Kane***026
Urban Tracker - Peacetime,Epic,LF/۝***ex_۝
Urban Tracker - Peacetime,Epic,lui***764
Urban Tracker - Peacetime,Epic,D***ө
Urban Tracker - Peacetime,Epic,ME***01
Urban Tracker - Peacetime,Epic,黒°***re
Urban Tracker - Peacetime,Epic,۝Za***eL۝
Urban Tracker - Peacetime,Epic,Loken***prit
Urban Tracker - Peacetime,Epic,LaPam***a_99
Urban Tracker - Peacetime,Epic,TORO-***VAJE
Urban Tracker - Peacetime,Epic,PUNK***NER
Urban Tracker - Peacetime,Epic,IQ***00
Urban Tracker - Peacetime,Epic,ャBaツ***inএ
Urban Tracker - Peacetime,Epic,Marl***Z27
Urban Tracker - Peacetime,Epic,byr***502
Urban Tracker - Peacetime,Epic,COVE***1990
Urban Tracker - Peacetime,Epic,・ƇƦ***Ɲ・
Urban Tracker - Peacetime,Epic,NIVE***URUS
Urban Tracker - Peacetime,Epic,BOO***TÄÄ
Urban Tracker - Peacetime,Epic,xXTR***KXx
Urban Tracker - Peacetime,Epic,Qué***o®
Urban Tracker - Peacetime,Epic,skT_T***A×TRs
Urban Tracker - Peacetime,Epic,Th£Mo***caT1
Urban Tracker - Peacetime,Epic,Tada***CDG乂
Urban Tracker - Peacetime,Epic,Bras***231
Urban Tracker - Peacetime,Epic,360・***ley
Urban Tracker - Peacetime,Epic,怒W***Y
Urban Tracker - Peacetime,Epic,..***..
Urban Tracker - Peacetime,Epic,꙰꙰꙰꙰***y*R
Urban Tracker - Peacetime,Epic,18***ss
Urban Tracker - Peacetime,Epic,ZA***๑
Urban Tracker - Peacetime,Epic,Javi***318
Urban Tracker - Peacetime,Epic,Pa***tw
Urban Tracker - Peacetime,Epic,RAYMU***-503
Urban Tracker - Peacetime,Epic,Za***S
Urban Tracker - Peacetime,Epic,Mv-Y***3Rঐ۝
Urban Tracker - Peacetime,Epic,JUN***.亗
Urban Tracker - Peacetime,Epic,1***s
Urban Tracker - Peacetime,Epic,乇L_***Ʀ0۞
Urban Tracker - Peacetime,Epic,§Va***is§
Urban Tracker - Peacetime,Epic,爪乙°k***n06
Urban Tracker - Peacetime,Epic,MØ***A
Urban Tracker - Peacetime,Epic,Dan***.18
Urban Tracker - Peacetime,Epic,Isaac***res25
Urban Tracker - Peacetime,Epic,ITAC***UNZ
Urban Tracker - Peacetime,Epic,Carlo***laya
Urban Tracker - Peacetime,Epic,Ikki_***ix_UY
Urban Tracker - Peacetime,Epic,~S***~
Urban Tracker - Peacetime,Epic,karli***aznad
Urban Tracker - Peacetime,Epic,Ary***15
Urban Tracker - Peacetime,Epic,MOR***-MX
Urban Tracker - Peacetime,Epic,Math***0822
Urban Tracker - Peacetime,Epic,Za***us
Urban Tracker - Peacetime,Epic,J£fe_***str۞
Urban Tracker - Peacetime,Epic,Ка***-¥
Urban Tracker - Peacetime,Epic,El1***vin
Urban Tracker - Peacetime,Epic,Cąr***.26
Urban Tracker - Peacetime,Epic,ale***28
Urban Tracker - Peacetime,Epic,VZA/CA***UISTA
Urban Tracker - Peacetime,Epic,TDB_***ato
Urban Tracker - Peacetime,Epic,ARC***D҉C
Urban Tracker - Peacetime,Epic,.Hunte***unter
Urban Tracker - Peacetime,Epic,FerL***and
Urban Tracker - Peacetime,Epic,あmis***Maki
Urban Tracker - Peacetime,Epic,teq***o16
Urban Tracker - Peacetime,Epic,Jѻs***ঐু؁
Urban Tracker - Peacetime,Epic,Âstr***y/7
Urban Tracker - Peacetime,Epic,Cu***el
Urban Tracker - Peacetime,Epic,castr***_407
Urban Tracker - Peacetime,Epic,BRAY***_-TC
Urban Tracker - Peacetime,Epic,DaAlej***aVi23
Urban Tracker - Peacetime,Epic,joli***2012
Urban Tracker - Peacetime,Epic,TøXS***cob
Urban Tracker - Peacetime,Epic,[3nYl***HF6d
Urban Tracker - Peacetime,Epic,om***77
Urban Tracker - Peacetime,Epic,teigl***no31
Urban Tracker - Peacetime,Epic,Hu***i
Urban Tracker - Peacetime,Epic,Mas***BJB
Urban Tracker - Peacetime,Epic,Jer***tz
Urban Tracker - Peacetime,Epic,ƊƑ・H***eyঐ
Urban Tracker - Peacetime,Epic,5Thir***uins8
Urban Tracker - Peacetime,Epic,Li***an
Urban Tracker - Peacetime,Epic,D.E.T***F.O.N
Urban Tracker - Peacetime,Epic,Leob***oNdz
Urban Tracker - Peacetime,Epic,亗ꪶA***aꫂ亗
Urban Tracker - Peacetime,Epic,Sin.***brė.
Urban Tracker - Peacetime,Epic,Rock***unk7
Price - Dead of Night,Epic,Jho***360
Price - Dead of Night,Epic,CMir***a99
Price - Dead of Night,Epic,(((Ix***an)))
Price - Dead of Night,Epic,Pittr***AMING
Price - Dead of Night,Epic,D***Y
Price - Dead of Night,Epic,°Bay***²¹°
Price - Dead of Night,Epic,L***z
Price - Dead of Night,Epic,Txę***læk
Price - Dead of Night,Epic,CA***o
Price - Dead of Night,Epic,三L-***冂-
Price - Dead of Night,Epic,Rrey***407
Price - Dead of Night,Epic,Alex.***2013
Price - Dead of Night,Epic,K4***r
Price - Dead of Night,Epic,爪**Ƨ
Price - Dead of Night,Epic,Ӈک®***O.
Price - Dead of Night,Epic,He***JY
Price - Dead of Night,Epic,^_Ken***hi_^
Price - Dead of Night,Epic,SiNi***RO:v
Price - Dead of Night,Epic,xx{G***o}xx
Price - Dead of Night,Epic,le***_2
Price - Dead of Night,Epic,R0Y***DOW
Price - Dead of Night,Epic,Vi***ャ
Price - Dead of Night,Epic,(B***D)
Price - Dead of Night,Epic,Cleanl***ot629
Price - Dead of Night,Epic,CHA***20
Price - Dead of Night,Epic,dae***02
Price - Dead of Night,Epic,XxIan***kurxX
Price - Dead of Night,Epic,PL***O
Price - Dead of Night,Epic,Ani***28
Price - Dead of Night,Epic,Chap***T90
Price - Dead of Night,Epic,DA***25
Price - Dead of Night,Epic,Car***uhm
Price - Dead of Night,Epic,Mario***h_01
Price - Dead of Night,Epic,山猫.Jo***l537
Price - Dead of Night,Epic,NICK***Y10
Price - Dead of Night,Epic,DIE***10.
Price - Dead of Night,Epic,Moisé***lla10
Price - Dead of Night,Epic,£¥ঐ***ÅN
Price - Dead of Night,Epic,LE亗***Per
Price - Dead of Night,Epic,Nieb***oja1
Price - Dead of Night,Epic,ওNen***chûও
Price - Dead of Night,Epic,ia***t
Price - Dead of Night,Epic,Ânge***ávez
Price - Dead of Night,Epic,ff7***sg8
Price - Dead of Night,Epic,@lf***oHR
Price - Dead of Night,Epic,ШɅѴ.A***pone
Price - Dead of Night,Epic,Tony***rk*_
Price - Dead of Night,Epic,Kanc***erus
Price - Dead of Night,Epic,幸丨I***・亗
Price - Dead of Night,Epic,Dyn・***cing
Price - Dead of Night,Epic,Ni-m***es-
Price - Dead of Night,Epic,[DIp***SVzD
Price - Dead of Night,Epic,máxi***234
Price - Dead of Night,Epic,lm***ho
Price - Dead of Night,Epic,[f4hm***O7PL
Price - Dead of Night,Epic,mari***j18
Price - Dead of Night,Epic,CJ-***oD
Price - Dead of Night,Epic,Tig***2D2
Price - Dead of Night,Epic,>Inva***_nSQ<
Price - Dead of Night,Epic,Nels***6+)
Price - Dead of Night,Epic,(sc)***ra44
Price - Dead of Night,Epic,Ecl么P***zza¥
Price - Dead of Night,Epic,HIMU***112
Price - Dead of Night,Epic,Josu***chz
Price - Dead of Night,Epic,Leo.j***er14
Price - Dead of Night,Epic,.Alfr***rmrz.
Price - Dead of Night,Epic,Ks么***Mx
Price - Dead of Night,Epic,ঐ*人
Price - Dead of Night,Epic,ADRI***ZERE
Price - Dead of Night,Epic,8Luc***hon
Price - Dead of Night,Epic,nooob_***ter67
Price - Dead of Night,Epic,Kam***27
Price - Dead of Night,Epic,DJG***YX
Price - Dead of Night,Epic,@Man***ito7
Price - Dead of Night,Epic,BENDI***SEAS
Price - Dead of Night,Epic,ElCh***1201
Price - Dead of Night,Epic,Mr***k
Price - Dead of Night,Epic,十二R***LD
Price - Dead of Night,Epic,Co***39
Price - Dead of Night,Epic,Dra***k99
Price - Dead of Night,Epic,LuisTr***llo28
Price - Dead of Night,Epic,CAST***COD
Price - Dead of Night,Epic,Damian***anagi
Price - Dead of Night,Epic,Thegas***key10
Price - Dead of Night,Epic,Th***el
Price - Dead of Night,Epic,ret***20
Price - Dead of Night,Epic,Kマム***.N
Price - Dead of Night,Epic,M4T***001
Price - Dead of Night,Epic,An***ks
Price - Dead of Night,Epic,Danie***srico
Price - Dead of Night,Epic,C***7
Price - Dead of Night,Epic,.SIL***BACK
Price - Dead of Night,Epic,mr***0
Price - Dead of Night,Epic,Car***619
Price - Dead of Night,Epic,[hrLJ***JbZ7
Price - Dead of Night,Epic,Sabrin***odm11
Price - Dead of Night,Epic,§e***..
Price - Dead of Night,Epic,۝ƊŁ***îƏL
Price - Dead of Night,Epic,NI***7
Price - Dead of Night,Epic,de***gb
Mara - Notice Meow,Epic,KƶŁEa***ngel
Mara - Notice Meow,Epic,john***ana
Mara - Notice Meow,Epic,[ao2o***4wPJ
Mara - Notice Meow,Epic,Scr***y*
Mara - Notice Meow,Epic,RONA***_505
Mara - Notice Meow,Epic,}j***e~
Mara - Notice Meow,Epic,Cha***13
Mara - Notice Meow,Epic,§@***u
Mara - Notice Meow,Epic,ꪑꪖꪀ***RG
Mara - Notice Meow,Epic,J***ঐ
Mara - Notice Meow,Epic,£lf***uro
Mara - Notice Meow,Epic,Soyঐ***chiঐ
Mara - Notice Meow,Epic,XƦD・***KER
Mara - Notice Meow,Epic,«D§C»***dobe
Mara - Notice Meow,Epic,alej***raAC
Mara - Notice Meow,Epic,A***B
Mara - Notice Meow,Epic,bre***ap
Mara - Notice Meow,Epic,±The_***ler±
Mara - Notice Meow,Epic,(ANGE***HDOW)
Mara - Notice Meow,Epic,ble***03
Mara - Notice Meow,Epic,Da***eꪝ
Mara - Notice Meow,Epic,The~***org
Mara - Notice Meow,Epic,Jack***023
Mara - Notice Meow,Epic,SinC***zónএ
Mara - Notice Meow,Epic,Jhø***kër
Mara - Notice Meow,Epic,J.R***G..
Mara - Notice Meow,Epic,1ChokK***i8AZr
Mara - Notice Meow,Epic,The-bl***-dog-
Mara - Notice Meow,Epic,ÇŐÐ(***7)ĥm
Mara - Notice Meow,Epic,CRIZ***CER
Mara - Notice Meow,Epic,freddy***reto0
Mara - Notice Meow,Epic,Lei***ao
Mara - Notice Meow,Epic,Carl***803
Mara - Notice Meow,Epic,La***k®
Mara - Notice Meow,Epic,¡ƬƦ***丨нŁ
Mara - Notice Meow,Epic,YENDE***GAMES
Mara - Notice Meow,Epic,[7fTt***HETC
Mara - Notice Meow,Epic,i澪VNZ***NITO
Mara - Notice Meow,Epic,KX***SM
Mara - Notice Meow,Epic,tre***oco
Mara - Notice Meow,Epic,D×C***QUE
Mara - Notice Meow,Epic,a_tino***impor
Mara - Notice Meow,Epic,zara***da25
Mara - Notice Meow,Epic,DEATH***3677@
Mara - Notice Meow,Epic,Jos***;-)
Mara - Notice Meow,Epic,yov***007
Mara - Notice Meow,Epic,Hec***st?
Mara - Notice Meow,Epic,THE_***EN-1
Mara - Notice Meow,Epic,Elk***45
Mara - Notice Meow,Epic,elpi***logo
Mara - Notice Meow,Epic,Luix***fan
Mara - Notice Meow,Epic,J.***9X
Mara - Notice Meow,Epic,楤Alex***er7x
Mara - Notice Meow,Epic,ghos***7y0h
Mara - Notice Meow,Epic,acua***ó91
Mara - Notice Meow,Epic,EICHI***V.Z.L
Mara - Notice Meow,Epic,nƴX・P***LINO
Mara - Notice Meow,Epic,Leoc***tion
Mara - Notice Meow,Epic,IanA***anN
Mara - Notice Meow,Epic,क・***TY
Mara - Notice Meow,Epic,Estev***evano
Mara - Notice Meow,Epic,ÐӇ么***NIA
Mara - Notice Meow,Epic,We***-.
Mara - Notice Meow,Epic,CJZ***XP
Mara - Notice Meow,Epic,Li***G5
Mara - Notice Meow,Epic,1SK***ꫀꫀ
Mara - Notice Meow,Epic,Apple***ven18
Mara - Notice Meow,Epic,টꪇ.***oメ
Mara - Notice Meow,Epic,JHON***K_PR
Mara - Notice Meow,Epic,Acev***2046
Mara - Notice Meow,Epic,۝B***AI
Mara - Notice Meow,Epic,E***1
Mara - Notice Meow,Epic,ven***-_-
Mara - Notice Meow,Epic,Area***read
Mara - Notice Meow,Epic,Pa***6
Mara - Notice Meow,Epic,C***K
Mara - Notice Meow,Epic,ŁƤ ***бѳЖ
Mara - Notice Meow,Epic,ElC***a24
Mara - Notice Meow,Epic,shang***ta91
Mara - Notice Meow,Epic,Ɓºğ***ªṅ
Mara - Notice Meow,Epic,@I***(:
Mara - Notice Meow,Epic,Werito***rteZ1
Mara - Notice Meow,Epic,enma***l8ñ
Mara - Notice Meow,Epic,Ckø***ëL
Mara - Notice Meow,Epic,HC么***23ঔ
Mara - Notice Meow,Epic,LEO87***DO18
Mara - Notice Meow,Epic,Nahum***1012
Mara - Notice Meow,Epic,J-BA***117
Mara - Notice Meow,Epic,ange***2123
Mara - Notice Meow,Epic,:-O***er~
Mara - Notice Meow,Epic,۝豈§***豈۝
Mara - Notice Meow,Epic,爪卂***ঔৣ
Mara - Notice Meow,Epic,Yo***এ
Mara - Notice Meow,Epic,Sub***^°
Mara - Notice Meow,Epic,LT>Ba***iño~
Mara - Notice Meow,Epic,LALH***@132
Mara - Notice Meow,Epic,Älëj***rö_
Mara - Notice Meow,Epic,ӾӄKao***mple
Mara - Notice Meow,Epic,Ander***Imb;)
Mara - Notice Meow,Epic,メTrai***nita
Wraith - Havoc,Epic,ebri***.dh
Wraith - Havoc,Epic,belia***vani
Wraith - Havoc,Epic,DOSC***UNO
Wraith - Havoc,Epic,Moo***up
Wraith - Havoc,Epic,P3J3***ARTO
Wraith - Havoc,Epic,Erin***228
Wraith - Havoc,Epic,white***erロケ
Wraith - Havoc,Epic,karj***er14
Wraith - Havoc,Epic,BotT***ico©
Wraith - Havoc,Epic,Łts°***ldii
Wraith - Havoc,Epic,MyMe***y۶ৎ
Wraith - Havoc,Epic,J@cøb***nbeRg
Wraith - Havoc,Epic,nand***0883
Wraith - Havoc,Epic,賊・¢***иte
Wraith - Havoc,Epic,marti***6019
Wraith - Havoc,Epic,Venga***Ghost
Wraith - Havoc,Epic,sur***ro
Wraith - Havoc,Epic,Ԟで·***NG亗
Wraith - Havoc,Epic,Xa***M
Wraith - Havoc,Epic,Wi***st
Wraith - Havoc,Epic,Ja***er
Wraith - Havoc,Epic,carlo***l532
Wraith - Havoc,Epic,zzz***cl
Wraith - Havoc,Epic,Cri***an
Wraith - Havoc,Epic,-P***r.
Wraith - Havoc,Epic,Jx***AR
Wraith - Havoc,Epic,Andro***8078
Wraith - Havoc,Epic,Ɗẞ-***l0
Wraith - Havoc,Epic,D҉K҉***MMY.
Wraith - Havoc,Epic,LnG×***ral
Wraith - Havoc,Epic,brY***17
Wraith - Havoc,Epic,ŁĖŐ***ŤŶ
Wraith - Havoc,Epic,maik***7zz
Wraith - Havoc,Epic,M4ye***Ɲx7
Wraith - Havoc,Epic,Chimo***ufito
Wraith - Havoc,Epic,ƇŁx-***eldo
Wraith - Havoc,Epic,[6CIO***J4AL
Wraith - Havoc,Epic,MAFI***۝Y勢
Wraith - Havoc,Epic,Chur***chan
Wraith - Havoc,Epic,ven***174
Wraith - Havoc,Epic,4***s
Wraith - Havoc,Epic,Jes***t18
Wraith - Havoc,Epic,es***82
Wraith - Havoc,Epic,Sargen***huevo
Wraith - Havoc,Epic,Leyend***rante
Wraith - Havoc,Epic,EqUiP***Ta:(
Wraith - Havoc,Epic,lc_***tar
Wraith - Havoc,Epic,R***z
Wraith - Havoc,Epic,Gx***z
Wraith - Havoc,Epic,Da***R
Wraith - Havoc,Epic,Ta***OD
Wraith - Havoc,Epic,[MNE***YpCW
Wraith - Havoc,Epic,Andr***491
Wraith - Havoc,Epic,(MA***N)
Wraith - Havoc,Epic,250ss.***CR...
Wraith - Havoc,Epic,dark***_st
Wraith - Havoc,Epic,TX_UN***TAKER
Wraith - Havoc,Epic,AZAE***ADOK
Wraith - Havoc,Epic,.1CA***A.1
Wraith - Havoc,Epic,Yūsuk***amesh
Wraith - Havoc,Epic,Erick***rd۶ৎ
Wraith - Havoc,Epic,りN3***_67
Wraith - Havoc,Epic,Zorr***143
Wraith - Havoc,Epic,Bella***x0/*
Wraith - Havoc,Epic,STORN***.3.6
Wraith - Havoc,Epic,[4VJd***saGj
Wraith - Havoc,Epic,El_ma***an_69
Wraith - Havoc,Epic,ƬƦ丨G***RDO
Wraith - Havoc,Epic,888***hin
Wraith - Havoc,Epic,ƤB°R***A亗+R
Wraith - Havoc,Epic,Ṩe***ąএ
Wraith - Havoc,Epic,zar***sas
Wraith - Havoc,Epic,y**e
Wraith - Havoc,Epic,J***6
Wraith - Havoc,Epic,los_de***ppel1
Wraith - Havoc,Epic,Mer***A.ঌ
Wraith - Havoc,Epic,Adr***§M
Wraith - Havoc,Epic,・***a
Wraith - Havoc,Epic,zeu***ाीू
Wraith - Havoc,Epic,么Ʀ๛***T۞Ş
Wraith - Havoc,Epic,she***nnp
Wraith - Havoc,Epic,yohe***ple
Wraith - Havoc,Epic,Tit***oom
Wraith - Havoc,Epic,Bes***OS
Wraith - Havoc,Epic,Ton***t13
Wraith - Havoc,Epic,PRRO***ANO
Wraith - Havoc,Epic,12Gen***pp467
Wraith - Havoc,Epic,FranF***n乂YiP
Wraith - Havoc,Epic,*e***26
Wraith - Havoc,Epic,¤NA *** ĐA
Wraith - Havoc,Epic,ma***rت
Wraith - Havoc,Epic,KӇJ***cho
Wraith - Havoc,Epic,kr***31
Wraith - Havoc,Epic,Ranii***a-30
Wraith - Havoc,Epic,Malco***ermo6
Wraith - Havoc,Epic,heu***n17
Wraith - Havoc,Epic,Luis***1lh
Wraith - Havoc,Epic,Mao***ano
Wraith - Havoc,Epic,_Acc***A2_
Wraith - Havoc,Epic,KR***S
Vivian Harris - B.A.T Agent,Epic,奈°P***O°奈
Vivian Harris - B.A.T Agent,Epic,Jiva***n18
Vivian Harris - B.A.T Agent,Epic,bull***ri3r
Vivian Harris - B.A.T Agent,Epic,Black***ark10
Vivian Harris - B.A.T Agent,Epic,DoRiAn***Uario
Vivian Harris - B.A.T Agent,Epic,ঐCa***soঐ
Vivian Harris - B.A.T Agent,Epic,//KAP***NAZO
Vivian Harris - B.A.T Agent,Epic,YCঔG***azৡ
Vivian Harris - B.A.T Agent,Epic,[ilsk***KKFK
Vivian Harris - B.A.T Agent,Epic,Ł§・Ʌ***.<3
Vivian Harris - B.A.T Agent,Epic,CUE***LE
Vivian Harris - B.A.T Agent,Epic,yoo***r97
Vivian Harris - B.A.T Agent,Epic,۞Le***tan
Vivian Harris - B.A.T Agent,Epic,Wi***.
Vivian Harris - B.A.T Agent,Epic,Mon***jvl
Vivian Harris - B.A.T Agent,Epic,Franc***o.loh
Vivian Harris - B.A.T Agent,Epic,[7YmF***wDyH
Vivian Harris - B.A.T Agent,Epic,でṣ³~***BRÃ
Vivian Harris - B.A.T Agent,Epic,9Spa***n99
Vivian Harris - B.A.T Agent,Epic,×Jai***J06×
Vivian Harris - B.A.T Agent,Epic,Ʈメ8***ipa
Vivian Harris - B.A.T Agent,Epic,LIS***OSE
Vivian Harris - B.A.T Agent,Epic,De-1-***uete
Vivian Harris - B.A.T Agent,Epic,ARI***B.
Vivian Harris - B.A.T Agent,Epic,ƬD***s
Vivian Harris - B.A.T Agent,Epic,RoD0***LOp
Vivian Harris - B.A.T Agent,Epic,FBI-C***sario
Vivian Harris - B.A.T Agent,Epic,GGG***so
Vivian Harris - B.A.T Agent,Epic,itz***ago
Vivian Harris - B.A.T Agent,Epic,Rä***tò
Vivian Harris - B.A.T Agent,Epic,San***90
Vivian Harris - B.A.T Agent,Epic,ШƝ۞D***ters
Vivian Harris - B.A.T Agent,Epic,ѫ**ц
Vivian Harris - B.A.T Agent,Epic,PRI***Iғи
Vivian Harris - B.A.T Agent,Epic,Sotor***_x66
Vivian Harris - B.A.T Agent,Epic,Ƴ乙Ar***anth
Vivian Harris - B.A.T Agent,Epic,Blackm***a2478
Vivian Harris - B.A.T Agent,Epic,Seb***zxl
Vivian Harris - B.A.T Agent,Epic,HKac***502
Vivian Harris - B.A.T Agent,Epic,Z***i
Vivian Harris - B.A.T Agent,Epic,۝҉H***۝҉
Vivian Harris - B.A.T Agent,Epic,12mt***az22
Vivian Harris - B.A.T Agent,Epic,ProMan***ta^o^
Vivian Harris - B.A.T Agent,Epic,HioHer***AZ86U
Vivian Harris - B.A.T Agent,Epic,ÇT§***ge
Vivian Harris - B.A.T Agent,Epic,fx***5
Vivian Harris - B.A.T Agent,Epic,Elc***o33
Vivian Harris - B.A.T Agent,Epic,TheK***hawk
Vivian Harris - B.A.T Agent,Epic,Itac***TC.
Vivian Harris - B.A.T Agent,Epic,DA***17
Vivian Harris - B.A.T Agent,Epic,Charl***cman
Vivian Harris - B.A.T Agent,Epic,[2mTG***zYc8
Vivian Harris - B.A.T Agent,Epic,[d2oi***Tob0
Vivian Harris - B.A.T Agent,Epic,ঐুV***DƠঐ
Vivian Harris - B.A.T Agent,Epic,Damia***.ggs
Vivian Harris - B.A.T Agent,Epic,Cheto_***olita
Vivian Harris - B.A.T Agent,Epic,Ƥڪ~***IN
Vivian Harris - B.A.T Agent,Epic,Al***79
Vivian Harris - B.A.T Agent,Epic,۞S҉***҉A҉
Vivian Harris - B.A.T Agent,Epic,·Astr***num·
Vivian Harris - B.A.T Agent,Epic,ØƇ/***GÊR
Vivian Harris - B.A.T Agent,Epic,Jean.C***os...
Vivian Harris - B.A.T Agent,Epic,Rodr***39_0
Vivian Harris - B.A.T Agent,Epic,ƦƓ۝***uro
Vivian Harris - B.A.T Agent,Epic,ƓodLe***dary
Vivian Harris - B.A.T Agent,Epic,Alex***790
Vivian Harris - B.A.T Agent,Epic,从٭***s
Vivian Harris - B.A.T Agent,Epic,Bell***1901
Vivian Harris - B.A.T Agent,Epic,Sr.***ody
Vivian Harris - B.A.T Agent,Epic,Esd***ol
Vivian Harris - B.A.T Agent,Epic,Marc***OC亗
Vivian Harris - B.A.T Agent,Epic,そ・Do***las
Vivian Harris - B.A.T Agent,Epic,S.E.***.MJ
Vivian Harris - B.A.T Agent,Epic,[4viU***5uxr
Vivian Harris - B.A.T Agent,Epic,2Faile***iverA
Vivian Harris - B.A.T Agent,Epic,LĮFĖ***ËĄ5T
Vivian Harris - B.A.T Agent,Epic,Iam***gtZ
Vivian Harris - B.A.T Agent,Epic,Ed***ny
Vivian Harris - B.A.T Agent,Epic,D.I.***.L.0
Vivian Harris - B.A.T Agent,Epic,Re***16
Vivian Harris - B.A.T Agent,Epic,PROFES***j.r.k
Vivian Harris - B.A.T Agent,Epic,Vinc***o123
Vivian Harris - B.A.T Agent,Epic,fir***yxx
Vivian Harris - B.A.T Agent,Epic,ƊƖ°J***KäL
Vivian Harris - B.A.T Agent,Epic,۝S***۝
Vivian Harris - B.A.T Agent,Epic,GhostR***ers84
Vivian Harris - B.A.T Agent,Epic,m1g***007
Vivian Harris - B.A.T Agent,Epic,Fel***0-0
Vivian Harris - B.A.T Agent,Epic,gri***ow0
Vivian Harris - B.A.T Agent,Epic,亗Dar***メWAR
Vivian Harris - B.A.T Agent,Epic,>^Sn***an^<
Vivian Harris - B.A.T Agent,Epic,Abd***.vr
Vivian Harris - B.A.T Agent,Epic,Jes***st
Vivian Harris - B.A.T Agent,Epic,ser***Z.G
Vivian Harris - B.A.T Agent,Epic,_T***A_
Vivian Harris - B.A.T Agent,Epic,ja***ri
Vivian Harris - B.A.T Agent,Epic,Dark***t_12
Vivian Harris - B.A.T Agent,Epic,am***74
Vivian Harris - B.A.T Agent,Epic,Ƶ***ঐ
Vivian Harris - B.A.T Agent,Epic,Jho***sa
M4 - Back Scratcher,Epic,GT***ES
M4 - Back Scratcher,Epic,Le***1
M4 - Back Scratcher,Epic,Blac***ad12
M4 - Back Scratcher,Epic,¥MO***CA_
M4 - Back Scratcher,Epic,ECha***005
M4 - Back Scratcher,Epic,InOsKe***_pARa
M4 - Back Scratcher,Epic,kris***fem
M4 - Back Scratcher,Epic,s*s
M4 - Back Scratcher,Epic,.×Le***9×.
M4 - Back Scratcher,Epic,BO***6
M4 - Back Scratcher,Epic,Č***Ř
M4 - Back Scratcher,Epic,VZL*H***_23*
M4 - Back Scratcher,Epic,Elma***0824
M4 - Back Scratcher,Epic,Elbar***s777
M4 - Back Scratcher,Epic,Abri***aul
M4 - Back Scratcher,Epic,Richi***m_C.R
M4 - Back Scratcher,Epic,nen***yo
M4 - Back Scratcher,Epic,Donov***d1234
M4 - Back Scratcher,Epic,OT-Gue***eitor
M4 - Back Scratcher,Epic,Javi***10-
M4 - Back Scratcher,Epic,Lein***280
M4 - Back Scratcher,Epic,کチ***o
M4 - Back Scratcher,Epic,Yamii***yes22
M4 - Back Scratcher,Epic,SPȺ***ƝƠ
M4 - Back Scratcher,Epic,Joh***mp
M4 - Back Scratcher,Epic,isael***2xit
M4 - Back Scratcher,Epic,suav***lkun
M4 - Back Scratcher,Epic,Jeyc***abry
M4 - Back Scratcher,Epic,sǤ・***LY
M4 - Back Scratcher,Epic,Bots***MIR
M4 - Back Scratcher,Epic,BFC.L***tyear
M4 - Back Scratcher,Epic,Ferna***.cri
M4 - Back Scratcher,Epic,Ⱥ丨F***¥ta
M4 - Back Scratcher,Epic,ABSO***S_66
M4 - Back Scratcher,Epic,ČyZ_***host
M4 - Back Scratcher,Epic,CANA***_04
M4 - Back Scratcher,Epic,Tl***ek
M4 - Back Scratcher,Epic,Chea***les
M4 - Back Scratcher,Epic,Lëƴ***Sş
M4 - Back Scratcher,Epic,拉*扎
M4 - Back Scratcher,Epic,John***nzón
M4 - Back Scratcher,Epic,Ricar***40204
M4 - Back Scratcher,Epic,Nan***15
M4 - Back Scratcher,Epic,gab***00
M4 - Back Scratcher,Epic,¥bl***od¥
M4 - Back Scratcher,Epic,Ɲػ°Ta***cito
M4 - Back Scratcher,Epic,The***ul
M4 - Back Scratcher,Epic,Pat***k30
M4 - Back Scratcher,Epic,GA***کt
M4 - Back Scratcher,Epic,ঔৣj***Sঔৣ
M4 - Back Scratcher,Epic,Dat***eX
M4 - Back Scratcher,Epic,Soc***96
M4 - Back Scratcher,Epic,Merrie***odies
M4 - Back Scratcher,Epic,TS***Ha
M4 - Back Scratcher,Epic,Juan***e11
M4 - Back Scratcher,Epic,Misa***iqui
M4 - Back Scratcher,Epic,acost***rime
M4 - Back Scratcher,Epic,Apolo***gdon
M4 - Back Scratcher,Epic,M0NDA***RA:)
M4 - Back Scratcher,Epic,ঐW***ƛঐ
M4 - Back Scratcher,Epic,Gerar***zeus
M4 - Back Scratcher,Epic,Evi***nn
M4 - Back Scratcher,Epic,pat***0)
M4 - Back Scratcher,Epic,spar***723
M4 - Back Scratcher,Epic,[IKB***iAdk
M4 - Back Scratcher,Epic,dail***arby
M4 - Back Scratcher,Epic,Pac***689
M4 - Back Scratcher,Epic,pol***33
M4 - Back Scratcher,Epic,*^AN***ID^*
M4 - Back Scratcher,Epic,Wi***.D
M4 - Back Scratcher,Epic,Cho***LT
M4 - Back Scratcher,Epic,COR***22
M4 - Back Scratcher,Epic,[eXec***W+qO
M4 - Back Scratcher,Epic,uri***289
M4 - Back Scratcher,Epic,WFer***doM
M4 - Back Scratcher,Epic,Ed***11
M4 - Back Scratcher,Epic,scor***(1)
M4 - Back Scratcher,Epic,VIRI***<_>
M4 - Back Scratcher,Epic,Cout***1973
M4 - Back Scratcher,Epic,WAM***TA
M4 - Back Scratcher,Epic,°LĄ_***RĄ°
M4 - Back Scratcher,Epic,Pum***46
M4 - Back Scratcher,Epic,Gera.***glitz
M4 - Back Scratcher,Epic,kur***i07
M4 - Back Scratcher,Epic,ঐӍƛ***Ʀঐ
M4 - Back Scratcher,Epic,@l£x~***rita~
M4 - Back Scratcher,Epic,JOR***²³
M4 - Back Scratcher,Epic,CLMB***IEN.
M4 - Back Scratcher,Epic,Mikas***ander
M4 - Back Scratcher,Epic,YKZ戀***1j05
M4 - Back Scratcher,Epic,(NUR***ARG)
M4 - Back Scratcher,Epic,josib***elrey
M4 - Back Scratcher,Epic,RAYM***O825
M4 - Back Scratcher,Epic,FL×***ÎRÔ
M4 - Back Scratcher,Epic,Odios***rafa
M4 - Back Scratcher,Epic,Sc***o.
M4 - Back Scratcher,Epic,SicK_***_FTP_
M4 - Back Scratcher,Epic,Toxi***802
M4 - Back Scratcher,Epic,Dij***20
M4 - Back Scratcher,Epic,Urb***.26
QQ9 - Flood,Epic,6Clos***nders
QQ9 - Flood,Epic,ッEls***toッ
QQ9 - Flood,Epic,wiski***3254.
QQ9 - Flood,Epic,con***004
QQ9 - Flood,Epic,১Vƛ১***ried
QQ9 - Flood,Epic,Bad***vin
QQ9 - Flood,Epic,3Thr***er3
QQ9 - Flood,Epic,イ***এ
QQ9 - Flood,Epic,borre***1328q
QQ9 - Flood,Epic,fen***580
QQ9 - Flood,Epic,DEX***..M
QQ9 - Flood,Epic,BIL***PLC
QQ9 - Flood,Epic,A@***l.
QQ9 - Flood,Epic,*LBA*_***o2Pro
QQ9 - Flood,Epic,Pap***ot
QQ9 - Flood,Epic,ƝƇ^S***ER۝
QQ9 - Flood,Epic,HugoS***litz°
QQ9 - Flood,Epic,HAD***COL
QQ9 - Flood,Epic,593***el
QQ9 - Flood,Epic,BW丨JH***AHISX
QQ9 - Flood,Epic,£¦.B***007°
QQ9 - Flood,Epic,Pelu***XD:P
QQ9 - Flood,Epic,Ma***o~
QQ9 - Flood,Epic,Supa***oot
QQ9 - Flood,Epic,SA6***R10
QQ9 - Flood,Epic,KerGep***o_OAL
QQ9 - Flood,Epic,PAPI-***AVIA
QQ9 - Flood,Epic,JER***2.0
QQ9 - Flood,Epic,Zz.***ran
QQ9 - Flood,Epic,[f3TV***VHfT
QQ9 - Flood,Epic,Spa***//
QQ9 - Flood,Epic,NN彡y***_bcツ
QQ9 - Flood,Epic,1.Cr***i@n
QQ9 - Flood,Epic,en***25
QQ9 - Flood,Epic,SPA***354
QQ9 - Flood,Epic,GØĐ۞W***uski
QQ9 - Flood,Epic,Tensa***yunka
QQ9 - Flood,Epic,mc***0
QQ9 - Flood,Epic,C***c
QQ9 - Flood,Epic,[aSq2***epA6
QQ9 - Flood,Epic,Carn***2099
QQ9 - Flood,Epic,ReyOs***o...
QQ9 - Flood,Epic,Cot***Cod
QQ9 - Flood,Epic,乂卩尺***as
QQ9 - Flood,Epic,ƳK乙鬼***aco
QQ9 - Flood,Epic,P***_
QQ9 - Flood,Epic,JONA***.S.
QQ9 - Flood,Epic,Pelon***nA.C®
QQ9 - Flood,Epic,Perez***go28
QQ9 - Flood,Epic,*Sh***w.
QQ9 - Flood,Epic,Pae***11
QQ9 - Flood,Epic,รŊメS***TAN
QQ9 - Flood,Epic,lobog***do98
QQ9 - Flood,Epic,[ct5H***AcA9
QQ9 - Flood,Epic,iDr***xx
QQ9 - Flood,Epic,JanoJ***to10
QQ9 - Flood,Epic,Fer***_Tk
QQ9 - Flood,Epic,Isabe***ab3li
QQ9 - Flood,Epic,bo***i
QQ9 - Flood,Epic,PÄŮ***ĞŮŚ
QQ9 - Flood,Epic,Azn***vid
QQ9 - Flood,Epic,*EL_B***YAGA*
QQ9 - Flood,Epic,Kiu***a12
QQ9 - Flood,Epic,[1ENu***FLqh
QQ9 - Flood,Epic,SATAN***-AMA
QQ9 - Flood,Epic,AS۝R***nt3g
QQ9 - Flood,Epic,ঔৣAc***manঞ
QQ9 - Flood,Epic,Luiss***ido12
QQ9 - Flood,Epic,Thunde***od999
QQ9 - Flood,Epic,Kok***o23
QQ9 - Flood,Epic,Argü***o88
QQ9 - Flood,Epic,Ɲﮓ・***vin
QQ9 - Flood,Epic,CARB***LHN
QQ9 - Flood,Epic,Bray***YT69
QQ9 - Flood,Epic,Roj***05
QQ9 - Flood,Epic,PIN***<3.
QQ9 - Flood,Epic,Mlim***i21
QQ9 - Flood,Epic,Dil***rue
QQ9 - Flood,Epic,(>Reg***to<)
QQ9 - Flood,Epic,OMA***777
QQ9 - Flood,Epic,Calav***RGFL
QQ9 - Flood,Epic,~J.***.U~
QQ9 - Flood,Epic,T乂・J***POS
QQ9 - Flood,Epic,Marsm***jo25
QQ9 - Flood,Epic,Yor***502
QQ9 - Flood,Epic,3Alain***x3AZf
QQ9 - Flood,Epic,DanM***226
QQ9 - Flood,Epic,Dyl***zyW
QQ9 - Flood,Epic,Feel***?・мc
QQ9 - Flood,Epic,aal***ssj
QQ9 - Flood,Epic,Dylan***chan7
QQ9 - Flood,Epic,ĿŘĐ***îNo
QQ9 - Flood,Epic,エマー***.88
QQ9 - Flood,Epic,PA/***A.
QQ9 - Flood,Epic,Char***CR7®
QQ9 - Flood,Epic,メCHAN***TO-06
QQ9 - Flood,Epic,Ɲꪜ°C***ęsE
QQ9 - Flood,Epic,Sola***yꪆৎ
QQ9 - Flood,Epic,Le***3
QQ9 - Flood,Epic,iń***cø
Locus - Cosmos,Epic,Iи***l
Locus - Cosmos,Epic,Ghiov***y777
Locus - Cosmos,Epic,ђŦ・j***n779
Locus - Cosmos,Epic,S.V***EL.
Locus - Cosmos,Epic,ɆȻ<An***son>:
Locus - Cosmos,Epic,_S1***E.
Locus - Cosmos,Epic,え丨Ax***nity
Locus - Cosmos,Epic,ice***d8
Locus - Cosmos,Epic,۞F***o۞
Locus - Cosmos,Epic,***Ve***n***
Locus - Cosmos,Epic,®S***K®
Locus - Cosmos,Epic,এMOO***IGTH
Locus - Cosmos,Epic,CR.L***fer
Locus - Cosmos,Epic,ap***ut
Locus - Cosmos,Epic,Nats***2003
Locus - Cosmos,Epic,CorbPa***Z7vHg
Locus - Cosmos,Epic,Tasma***Vloz
Locus - Cosmos,Epic,Gio***r09
Locus - Cosmos,Epic,Van***sও
Locus - Cosmos,Epic,ElWe***arao
Locus - Cosmos,Epic,兇手***Ʀの
Locus - Cosmos,Epic,(Gu***N)
Locus - Cosmos,Epic,亗・ل***iꪀ
Locus - Cosmos,Epic,O***A
Locus - Cosmos,Epic,§chiq***VsG§
Locus - Cosmos,Epic,ঌAL***DOT
Locus - Cosmos,Epic,Ɲঌ.D***pool
Locus - Cosmos,Epic,Luis***f51
Locus - Cosmos,Epic,Go***MR
Locus - Cosmos,Epic,Ivan***ic04
Locus - Cosmos,Epic,RAF***ZOL
Locus - Cosmos,Epic,MƲƦ***MЄ
Locus - Cosmos,Epic,Ø力°bo***nho.
Locus - Cosmos,Epic,[67Mt***tqiZ
Locus - Cosmos,Epic,MR.***@RD
Locus - Cosmos,Epic,D4N***214
Locus - Cosmos,Epic,ूाी***uZ
Locus - Cosmos,Epic,Axel***_11
Locus - Cosmos,Epic,Æ-***GĄ
Locus - Cosmos,Epic,Aeg***02
Locus - Cosmos,Epic,chara***ca117
Locus - Cosmos,Epic,:(KÔW***KÏ):
Locus - Cosmos,Epic,PacoM***uca01
Locus - Cosmos,Epic,esp***rap
Locus - Cosmos,Epic,Andre***1509
Locus - Cosmos,Epic,Oรкค***CTM
Locus - Cosmos,Epic,4**M
Locus - Cosmos,Epic,leo-***cito
Locus - Cosmos,Epic,@BRA***_21
Locus - Cosmos,Epic,Ami***iz
Locus - Cosmos,Epic,JOHN_***K(×_×
Locus - Cosmos,Epic,Vکм۝l***nb25
Locus - Cosmos,Epic,SoyHe***Jose
Locus - Cosmos,Epic,×Chic***mer×
Locus - Cosmos,Epic,Bat***ai/
Locus - Cosmos,Epic,[8Os0***T9+U
Locus - Cosmos,Epic,ツG***亗
Locus - Cosmos,Epic,Yi***g
Locus - Cosmos,Epic,Magi***nji
Locus - Cosmos,Epic,KRIS***NHU
Locus - Cosmos,Epic,13_***AS
Locus - Cosmos,Epic,TDB.A***ea۶ৎ
Locus - Cosmos,Epic,kulk***n077
Locus - Cosmos,Epic,M1***Z
Locus - Cosmos,Epic,shupa***uñeñ0
Locus - Cosmos,Epic,FR***LL
Locus - Cosmos,Epic,ANN***NK
Locus - Cosmos,Epic,Alex***y13
Locus - Cosmos,Epic,DEK***OD
Locus - Cosmos,Epic,Matiu***1234
Locus - Cosmos,Epic,El***a
Locus - Cosmos,Epic,۝DBZ***MBRA
Locus - Cosmos,Epic,tab***07
Locus - Cosmos,Epic,§KW§(***AS:0)
Locus - Cosmos,Epic,Isma***511
Locus - Cosmos,Epic,ran***モ丨
Locus - Cosmos,Epic,99.***Me
Locus - Cosmos,Epic,FER***02
Locus - Cosmos,Epic,T***o
Locus - Cosmos,Epic,§Đ友***iz
Locus - Cosmos,Epic,SAN***INÎ
Locus - Cosmos,Epic,El_***res
Locus - Cosmos,Epic,Espa***n_19
Locus - Cosmos,Epic,Adrian***62003
Locus - Cosmos,Epic,A_***_Y
Locus - Cosmos,Epic,SadG***z03
Locus - Cosmos,Epic,[hLZt***29Rb
Locus - Cosmos,Epic,Castl***ng777
Locus - Cosmos,Epic,ELLO***OLF
Locus - Cosmos,Epic,Rayit***0fps
Locus - Cosmos,Epic,Ni***>
Locus - Cosmos,Epic,Sarg***o-R
Locus - Cosmos,Epic,MIGU***3001
Locus - Cosmos,Epic,(Mor***s):)
Locus - Cosmos,Epic,乂R***乂
Locus - Cosmos,Epic,AD***EZ
Locus - Cosmos,Epic,bla***low
Locus - Cosmos,Epic,Gacad***royer
Locus - Cosmos,Epic,Smi***s©®
Locus - Cosmos,Epic,LordD***eObed
Fennec - Verdant,Epic,愛รe***y乡
Fennec - Verdant,Epic,J**S
Fennec - Verdant,Epic,mag***13
Fennec - Verdant,Epic,Sig***d97
Fennec - Verdant,Epic,YOSOY***BARDJ
Fennec - Verdant,Epic,DA***NT
Fennec - Verdant,Epic,Monke-***Luffy
Fennec - Verdant,Epic,Mond***sina
Fennec - Verdant,Epic,enr***12
Fennec - Verdant,Epic,么Ӄ・A***edo
Fennec - Verdant,Epic,Gabri***rag2
Fennec - Verdant,Epic,A.E.***505
Fennec - Verdant,Epic,Manuel***lasqz
Fennec - Verdant,Epic,@ju***69
Fennec - Verdant,Epic,sanche***effer
Fennec - Verdant,Epic,K R *** E R
Fennec - Verdant,Epic,NIS***°§
Fennec - Verdant,Epic,RS/Poo***.Mate
Fennec - Verdant,Epic,Tupesa***la.08
Fennec - Verdant,Epic,Goblin***yerSN
Fennec - Verdant,Epic,69Ro***o69
Fennec - Verdant,Epic,St***c
Fennec - Verdant,Epic,Gab***lmh
Fennec - Verdant,Epic,MissK***er7w7
Fennec - Verdant,Epic,Scarto***makto
Fennec - Verdant,Epic,De***83
Fennec - Verdant,Epic,NY***7
Fennec - Verdant,Epic,Alej***212
Fennec - Verdant,Epic,を丨B***a۶ৎ
Fennec - Verdant,Epic,THxE***RDOツ
Fennec - Verdant,Epic,X**Y
Fennec - Verdant,Epic,@jf***nz
Fennec - Verdant,Epic,-T***`ঐ
Fennec - Verdant,Epic,Jo***lo
Fennec - Verdant,Epic,ӈฬ٭***ꫝz٭
Fennec - Verdant,Epic,claud***15019
Fennec - Verdant,Epic,>Ɛsť***nÿ<
Fennec - Verdant,Epic,§~j***i~§
Fennec - Verdant,Epic,及ﮓ***AM
Fennec - Verdant,Epic,Mar***Ø.Ø
Fennec - Verdant,Epic,ƓâƬ***ƖŁ
Fennec - Verdant,Epic,Pedri***rioso
Fennec - Verdant,Epic,27an***bro
Fennec - Verdant,Epic,Wicho***・Ʀz`
Fennec - Verdant,Epic,Mont***rat
Fennec - Verdant,Epic,Cabal***o-11
Fennec - Verdant,Epic,Erli***9(12
Fennec - Verdant,Epic,Bria***1997
Fennec - Verdant,Epic,R***r
Fennec - Verdant,Epic,<Dist***ión>
Fennec - Verdant,Epic,ÇHI***JṚ
Fennec - Verdant,Epic,.J***e®
Fennec - Verdant,Epic,matha***er187
Fennec - Verdant,Epic,©HR***ĮAN
Fennec - Verdant,Epic,BI***9
Fennec - Verdant,Epic,Gom***7z
Fennec - Verdant,Epic,<KZ>Go***2832p
Fennec - Verdant,Epic,[8tLg***hXZN
Fennec - Verdant,Epic,Ƭẞ¤***ker
Fennec - Verdant,Epic,[65NT***RoR1
Fennec - Verdant,Epic,ŤERR***ĬŢOR
Fennec - Verdant,Epic,Os***22
Fennec - Verdant,Epic,Dracu***ijauc
Fennec - Verdant,Epic,Alexj***2012
Fennec - Verdant,Epic,baby***jas)
Fennec - Verdant,Epic,Ce***29
Fennec - Verdant,Epic,Ang***Rex
Fennec - Verdant,Epic,Za***s彡
Fennec - Verdant,Epic,Muf***3.2
Fennec - Verdant,Epic,Quięt***_toys
Fennec - Verdant,Epic,JLa***rs
Fennec - Verdant,Epic,cros***ack
Fennec - Verdant,Epic,[5+IX***RwCI
Fennec - Verdant,Epic,Goblin***layer
Fennec - Verdant,Epic,::max***:::::
Fennec - Verdant,Epic,B.***.T
Fennec - Verdant,Epic,KÜک***gi
Fennec - Verdant,Epic,Luc***ina
Fennec - Verdant,Epic,パ**ス
Fennec - Verdant,Epic,×**_
Fennec - Verdant,Epic,ア乃艾J***b*_*
Fennec - Verdant,Epic,ঔৣM***ঔৣ6
Fennec - Verdant,Epic,Rod***_mx
Fennec - Verdant,Epic,এMÀ***۝V
Fennec - Verdant,Epic,Ari***n?
Fennec - Verdant,Epic,Jua***694
Fennec - Verdant,Epic,Y***l
Fennec - Verdant,Epic,Nic***icb
Fennec - Verdant,Epic,mee***vn
Fennec - Verdant,Epic,Game***er:)
Fennec - Verdant,Epic,Jossy***kita
Fennec - Verdant,Epic,[8bfg***usvL
Fennec - Verdant,Epic,[1xuz***79S5
Fennec - Verdant,Epic,ꪶƦ***RO
Fennec - Verdant,Epic,max***-*-
Fennec - Verdant,Epic,Ton***06
Fennec - Verdant,Epic,Siriu***neki
Fennec - Verdant,Epic,ALPHA***QUEZ
Fennec - Verdant,Epic,.AND***T_7
Fennec - Verdant,Epic,JĄƠX***odm
RPD - Orbit,Epic,S***H
RPD - Orbit,Epic,Gho***иw
RPD - Orbit,Epic,SK~Fra***oon20
RPD - Orbit,Epic,Ferna***0390
RPD - Orbit,Epic,Jĕ***¥
RPD - Orbit,Epic,獸«***D»
RPD - Orbit,Epic,৻ꪆ ***nı
RPD - Orbit,Epic,XF°Y.***aster
RPD - Orbit,Epic,Zen***22
RPD - Orbit,Epic,eve***ot
RPD - Orbit,Epic,LW***o
RPD - Orbit,Epic,乂*8
RPD - Orbit,Epic,Dark-***se-A
RPD - Orbit,Epic,[iGW7***9klj
RPD - Orbit,Epic,mr.***oo
RPD - Orbit,Epic,kawa***thor
RPD - Orbit,Epic,SEN***mc2
RPD - Orbit,Epic,RITC***UKA
RPD - Orbit,Epic,Cherr***ombon
RPD - Orbit,Epic,UTP/K***os07
RPD - Orbit,Epic,MRN_***_666
RPD - Orbit,Epic,¬Ⱥ***خ
RPD - Orbit,Epic,sis***er
RPD - Orbit,Epic,۶ৎlyn***ayne
RPD - Orbit,Epic,Doro***isne
RPD - Orbit,Epic,{FZ-K***shi}
RPD - Orbit,Epic,Jorg***0MM
RPD - Orbit,Epic,ȥKॢꪑ***i۶ৎ
RPD - Orbit,Epic,elcar***_88@
RPD - Orbit,Epic,Luci***ncis
RPD - Orbit,Epic,HSM亗***XIS
RPD - Orbit,Epic,Jonat***504*
RPD - Orbit,Epic,YO***PA
RPD - Orbit,Epic,及ऻ・***di
RPD - Orbit,Epic,1Quiñ***s26@
RPD - Orbit,Epic,OŁ***n
RPD - Orbit,Epic,LT1丨D***ntoএ
RPD - Orbit,Epic,.lml.E***.lml.
RPD - Orbit,Epic,۝۝SA***MA۝۝
RPD - Orbit,Epic,D1***9
RPD - Orbit,Epic,Pros***to@a
RPD - Orbit,Epic,MG-Al***ndro
RPD - Orbit,Epic,XxFur***o23xX
RPD - Orbit,Epic,×Re***e×
RPD - Orbit,Epic,¢ocô{***pombo
RPD - Orbit,Epic,Jenn***g84
RPD - Orbit,Epic,ধভ丨K***ER¥
RPD - Orbit,Epic,[8tRo***Nbk5
RPD - Orbit,Epic,Mari***ty22
RPD - Orbit,Epic,MAN***74
RPD - Orbit,Epic,メef3***...
RPD - Orbit,Epic,ALB***_1
RPD - Orbit,Epic,din***ax
RPD - Orbit,Epic,ঔৣĄȤ***25ঐ
RPD - Orbit,Epic,chachi***23mix
RPD - Orbit,Epic,LT1丨***iet
RPD - Orbit,Epic,JesP***_99
RPD - Orbit,Epic,Esta***n16
RPD - Orbit,Epic,[hAN0***XBq4
RPD - Orbit,Epic,弎ĸ°Y***3Rঔ
RPD - Orbit,Epic,ĄK_F***TĘR
RPD - Orbit,Epic,Mi.se***ordia
RPD - Orbit,Epic,[3QU6***VeG7
RPD - Orbit,Epic,Mƒ***11
RPD - Orbit,Epic,mich***2507
RPD - Orbit,Epic,christ***@omar
RPD - Orbit,Epic,hormi***._..
RPD - Orbit,Epic,F***8
RPD - Orbit,Epic,TI***N~
RPD - Orbit,Epic,Loko***no24
RPD - Orbit,Epic,Suric***_DS3
RPD - Orbit,Epic,ɅԄ・***ta_
RPD - Orbit,Epic,CH***AS
RPD - Orbit,Epic,×Gael***ger×
RPD - Orbit,Epic,ƩŁ^RC***LLɅ²
RPD - Orbit,Epic,Bell***app
RPD - Orbit,Epic,Go***1
RPD - Orbit,Epic,don***in
RPD - Orbit,Epic,Ale***ুঁE
RPD - Orbit,Epic,San***LG
RPD - Orbit,Epic,Che***a21
RPD - Orbit,Epic,(Xz6Hg***0wvZp
RPD - Orbit,Epic,Peluc***ing1
RPD - Orbit,Epic,мм・H***o§¥
RPD - Orbit,Epic,Elp***24@
RPD - Orbit,Epic,Xach***95g
RPD - Orbit,Epic,@Jor***._cr
RPD - Orbit,Epic,ANGE***OLD
RPD - Orbit,Epic,Ni***@@
RPD - Orbit,Epic,°^°på***af°^
RPD - Orbit,Epic,Geor***ira
RPD - Orbit,Epic,Dieg***777
RPD - Orbit,Epic,Sn・E***guer
RPD - Orbit,Epic,M尺.***Tの
RPD - Orbit,Epic,ISA***10
RPD - Orbit,Epic,ton***5.0
RPD - Orbit,Epic,Mr_C***tos_
RPD - Orbit,Epic,MikiE.***.Crew
RPD - Orbit,Epic,angel***estin
RPD - Orbit,Epic,1W***N
SKS - Ruby Serpent,Epic,AAT***EGO
SKS - Ruby Serpent,Epic,Fa***?
SKS - Ruby Serpent,Epic,LLA***O69
SKS - Ruby Serpent,Epic,L-AN***.10
SKS - Ruby Serpent,Epic,Li***va
SKS - Ruby Serpent,Epic,Fore***ump1
SKS - Ruby Serpent,Epic,・O***r
SKS - Ruby Serpent,Epic,<>>***§<<
SKS - Ruby Serpent,Epic,ḲƓ・***d۝k
SKS - Ruby Serpent,Epic,jo***7
SKS - Ruby Serpent,Epic,Gar***G6
SKS - Ruby Serpent,Epic,ঐOn***doঐ
SKS - Ruby Serpent,Epic,Lue***on
SKS - Ruby Serpent,Epic,고***.
SKS - Ruby Serpent,Epic,73***74
SKS - Ruby Serpent,Epic,ŁƝ么***lga
SKS - Ruby Serpent,Epic,メF***oシ
SKS - Ruby Serpent,Epic,Ma***ty
SKS - Ruby Serpent,Epic,ҜƝ۞ja***rpro
SKS - Ruby Serpent,Epic,JordAn***3AZ1o
SKS - Ruby Serpent,Epic,La***zz
SKS - Ruby Serpent,Epic,wilso***lider
SKS - Ruby Serpent,Epic,Panch***Loco
SKS - Ruby Serpent,Epic,ঔৣ¤***UR4
SKS - Ruby Serpent,Epic,[3T3+***Nt47
SKS - Ruby Serpent,Epic,Lu***28
SKS - Ruby Serpent,Epic,-Gu***us-
SKS - Ruby Serpent,Epic,bill***yan
SKS - Ruby Serpent,Epic,Migu***codM
SKS - Ruby Serpent,Epic,DS-T***ISHI
SKS - Ruby Serpent,Epic,£du***o12
SKS - Ruby Serpent,Epic,Ƭꫝ°M@***atas
SKS - Ruby Serpent,Epic,Rish***pic
SKS - Ruby Serpent,Epic,{§St***us§}
SKS - Ruby Serpent,Epic,3me***_X
SKS - Ruby Serpent,Epic,RS***įd
SKS - Ruby Serpent,Epic,Ped***6.
SKS - Ruby Serpent,Epic,ElPe***o22
SKS - Ruby Serpent,Epic,ULI***MN
SKS - Ruby Serpent,Epic,[cuKu***LhNf
SKS - Ruby Serpent,Epic,emi***91
SKS - Ruby Serpent,Epic,SAn***ioV
SKS - Ruby Serpent,Epic,1Hyse***rry1
SKS - Ruby Serpent,Epic,¥a***©®
SKS - Ruby Serpent,Epic,/CAL***RDO/
SKS - Ruby Serpent,Epic,FR4N***4..
SKS - Ruby Serpent,Epic,۝M***¥۝
SKS - Ruby Serpent,Epic,<Jh***xs>
SKS - Ruby Serpent,Epic,BAR***HOZ
SKS - Ruby Serpent,Epic,Yehudi***thaAZ
SKS - Ruby Serpent,Epic,Sha***..:
SKS - Ruby Serpent,Epic,JRk***y69
SKS - Ruby Serpent,Epic,Pablo***2828
SKS - Ruby Serpent,Epic,Block***s1511
SKS - Ruby Serpent,Epic,TG***s
SKS - Ruby Serpent,Epic,(a***9)
SKS - Ruby Serpent,Epic,pro***se
SKS - Ruby Serpent,Epic,pand***eon
SKS - Ruby Serpent,Epic,Davi***479
SKS - Ruby Serpent,Epic,ꙮDo***ilo
SKS - Ruby Serpent,Epic,¥lu***9¥
SKS - Ruby Serpent,Epic,~CH***PA~
SKS - Ruby Serpent,Epic,N3c***ant
SKS - Ruby Serpent,Epic,Ald***.M
SKS - Ruby Serpent,Epic,ƁƤ豈***T¥N
SKS - Ruby Serpent,Epic,Andre***jome
SKS - Ruby Serpent,Epic,Denv***616
SKS - Ruby Serpent,Epic,Nova***_12.
SKS - Ruby Serpent,Epic,pi***nn
SKS - Ruby Serpent,Epic,MC-***AS
SKS - Ruby Serpent,Epic,chat***erro
SKS - Ruby Serpent,Epic,ƁȺD***ood
SKS - Ruby Serpent,Epic,lobos***flow
SKS - Ruby Serpent,Epic,Dieg***218
SKS - Ruby Serpent,Epic,thufl***tho09
SKS - Ruby Serpent,Epic,Shinj***kari
SKS - Ruby Serpent,Epic,luf***ova
SKS - Ruby Serpent,Epic,Rey***el
SKS - Ruby Serpent,Epic,Ia***1
SKS - Ruby Serpent,Epic,Carlo***jair
SKS - Ruby Serpent,Epic,uvama***rina
SKS - Ruby Serpent,Epic,Drea***...
SKS - Ruby Serpent,Epic,SOLI***IOAR
SKS - Ruby Serpent,Epic,ElY***ing
SKS - Ruby Serpent,Epic,Ri***dg
SKS - Ruby Serpent,Epic,x98***b01
SKS - Ruby Serpent,Epic,chost***kdujd
SKS - Ruby Serpent,Epic,G***e
SKS - Ruby Serpent,Epic,[7Ne5***+GjK
SKS - Ruby Serpent,Epic,ƊƴO***.Ʀ
SKS - Ruby Serpent,Epic,Tr***3
SKS - Ruby Serpent,Epic,KRA***gtm
SKS - Ruby Serpent,Epic,°メG***tメ°
SKS - Ruby Serpent,Epic,NXX®***ƞisย
SKS - Ruby Serpent,Epic,Bebito***u_fiu
SKS - Ruby Serpent,Epic,Bers***rX7
SKS - Ruby Serpent,Epic,Mata_P***cos24
SKS - Ruby Serpent,Epic,19DA***R98
SKS - Ruby Serpent,Epic,ꙮ***z
SKS - Ruby Serpent,Epic,Ste***iঐ
M13 - Vegan Warrior,Epic,Viking***gro47
M13 - Vegan Warrior,Epic,Yahirr***rez34
M13 - Vegan Warrior,Epic,мғ・/I***ius/
M13 - Vegan Warrior,Epic,Ḁ**ẏ
M13 - Vegan Warrior,Epic,Nef***iひ.
M13 - Vegan Warrior,Epic,Josu***03s
M13 - Vegan Warrior,Epic,Mar***MT)
M13 - Vegan Warrior,Epic,Gz***l
M13 - Vegan Warrior,Epic,ELR***B.1
M13 - Vegan Warrior,Epic,SORI***_17
M13 - Vegan Warrior,Epic,PIZAR***AMB)
M13 - Vegan Warrior,Epic,*De***r*
M13 - Vegan Warrior,Epic,drak***iqui
M13 - Vegan Warrior,Epic,neg***xxo
M13 - Vegan Warrior,Epic,ƲƬメ-***ueL
M13 - Vegan Warrior,Epic,ঐJun***_Hঐ
M13 - Vegan Warrior,Epic,far***ler
M13 - Vegan Warrior,Epic,ENL***oɀ
M13 - Vegan Warrior,Epic,Omar***888
M13 - Vegan Warrior,Epic,BOT×s***ö-sö
M13 - Vegan Warrior,Epic,G**.
M13 - Vegan Warrior,Epic,BALZA***VNZL
M13 - Vegan Warrior,Epic,sha***28
M13 - Vegan Warrior,Epic,PBメA***erC®
M13 - Vegan Warrior,Epic,Saxon(***ada2A
M13 - Vegan Warrior,Epic,ҜƝ۞***ALI
M13 - Vegan Warrior,Epic,B**ऻ
M13 - Vegan Warrior,Epic,Mic***917
M13 - Vegan Warrior,Epic,S-K***an
M13 - Vegan Warrior,Epic,ale_***ish
M13 - Vegan Warrior,Epic,DMK.***Kor
M13 - Vegan Warrior,Epic,_Q***pe
M13 - Vegan Warrior,Epic,sR.***ūęl
M13 - Vegan Warrior,Epic,Josem***5002
M13 - Vegan Warrior,Epic,Yoj***22
M13 - Vegan Warrior,Epic,Kar***j03
M13 - Vegan Warrior,Epic,ঞYo***۶ৎ
M13 - Vegan Warrior,Epic,Q9.***nd
M13 - Vegan Warrior,Epic,El***u
M13 - Vegan Warrior,Epic,ӍӦDS***NAS
M13 - Vegan Warrior,Epic,¥ElAn***Azul¥
M13 - Vegan Warrior,Epic,Ʀॢ・***۞Ʀॢ
M13 - Vegan Warrior,Epic,67***کt
M13 - Vegan Warrior,Epic,ঌғ丨I***rdyC
M13 - Vegan Warrior,Epic,¿Dan***_M?®
M13 - Vegan Warrior,Epic,Mar***uz
M13 - Vegan Warrior,Epic,INSZ***RISও
M13 - Vegan Warrior,Epic,Mega***t26
M13 - Vegan Warrior,Epic,El..***O2.0
M13 - Vegan Warrior,Epic,ange***9725
M13 - Vegan Warrior,Epic,۝AnG***210۝
M13 - Vegan Warrior,Epic,puroh***o203
M13 - Vegan Warrior,Epic,G***D
M13 - Vegan Warrior,Epic,Ala***n2
M13 - Vegan Warrior,Epic,Gh***=:
M13 - Vegan Warrior,Epic,Ƭ乂・***aa
M13 - Vegan Warrior,Epic,SAM***°r
M13 - Vegan Warrior,Epic,luis1***vier
M13 - Vegan Warrior,Epic,Navas***....
M13 - Vegan Warrior,Epic,san***14
M13 - Vegan Warrior,Epic,AK_K***EN.
M13 - Vegan Warrior,Epic,lev***504
M13 - Vegan Warrior,Epic,Nacho***dez30
M13 - Vegan Warrior,Epic,RAM***II
M13 - Vegan Warrior,Epic,J**I
M13 - Vegan Warrior,Epic,Eltim***rner
M13 - Vegan Warrior,Epic,J***g
M13 - Vegan Warrior,Epic,D大V***八8
M13 - Vegan Warrior,Epic,Sr***ho
M13 - Vegan Warrior,Epic,baba***as69
M13 - Vegan Warrior,Epic,SamBi***es01
M13 - Vegan Warrior,Epic,T***®
M13 - Vegan Warrior,Epic,۝U***iv
M13 - Vegan Warrior,Epic,廾U***ee
M13 - Vegan Warrior,Epic,ŁV・3***ras
M13 - Vegan Warrior,Epic,ঔ©@®***uty
M13 - Vegan Warrior,Epic,мxя・***MCY
M13 - Vegan Warrior,Epic,k***ȴ
M13 - Vegan Warrior,Epic,Xa***z
M13 - Vegan Warrior,Epic,ɌȻヅAl***do31
M13 - Vegan Warrior,Epic,MrLon***5685
M13 - Vegan Warrior,Epic,Lucar***66hf
M13 - Vegan Warrior,Epic,CH-M***MRS
M13 - Vegan Warrior,Epic,Nan***°AM
M13 - Vegan Warrior,Epic,<狼>j***wick
M13 - Vegan Warrior,Epic,Ev***t0
M13 - Vegan Warrior,Epic,Gom***°°
M13 - Vegan Warrior,Epic,towi***at1
M13 - Vegan Warrior,Epic,JUANUN***I_506
M13 - Vegan Warrior,Epic,bec***bek
M13 - Vegan Warrior,Epic,Adria***rcelø
M13 - Vegan Warrior,Epic,She***66
M13 - Vegan Warrior,Epic,L/***ED
M13 - Vegan Warrior,Epic,Ru***۶ৎ
M13 - Vegan Warrior,Epic,CORIN***kkkk
M13 - Vegan Warrior,Epic,ƦE***۶ৎ
M13 - Vegan Warrior,Epic,Ʀú多***み҉
M13 - Vegan Warrior,Epic,Heju***a31
M13 - Vegan Warrior,Epic,SROv***iri
M13 - Vegan Warrior,Epic,Johan***5-ECU
AS VAL - Pollinator,Epic,Zah***.FT
AS VAL - Pollinator,Epic,Ron***CH
AS VAL - Pollinator,Epic,elhue***oo101
AS VAL - Pollinator,Epic,Im丨Ę***ŃØR
AS VAL - Pollinator,Epic,OT***OR
AS VAL - Pollinator,Epic,[1MJY***WYdX
AS VAL - Pollinator,Epic,Ya***ৣ
AS VAL - Pollinator,Epic,ŁƝ・Ne***r.Jr
AS VAL - Pollinator,Epic,[hsWd***rChs
AS VAL - Pollinator,Epic,CA***O_
AS VAL - Pollinator,Epic,ﺊ*ښ
AS VAL - Pollinator,Epic,skate***l1998
AS VAL - Pollinator,Epic,Hércu***_901
AS VAL - Pollinator,Epic,MQツA***l-FH
AS VAL - Pollinator,Epic,Cár***911
AS VAL - Pollinator,Epic,Ki***V
AS VAL - Pollinator,Epic,ÓDIO***ikol
AS VAL - Pollinator,Epic,Passiv***akuAZ
AS VAL - Pollinator,Epic,André***lvall
AS VAL - Pollinator,Epic,รƒ»***Max
AS VAL - Pollinator,Epic,botci***anko
AS VAL - Pollinator,Epic,ঘAT-N***yFake
AS VAL - Pollinator,Epic,ятz***us
AS VAL - Pollinator,Epic,Zay***12
AS VAL - Pollinator,Epic,Aia***09
AS VAL - Pollinator,Epic,Zenok***_17*
AS VAL - Pollinator,Epic,Jai***208
AS VAL - Pollinator,Epic,01***Xx
AS VAL - Pollinator,Epic,ঐEm***1ঐ
AS VAL - Pollinator,Epic,Mered***Grace
AS VAL - Pollinator,Epic,wolfb***k2.0
AS VAL - Pollinator,Epic,Ru***AG
AS VAL - Pollinator,Epic,ƖƊs丨G***to71
AS VAL - Pollinator,Epic,[iE1U***H5UG
AS VAL - Pollinator,Epic,~mu***~½
AS VAL - Pollinator,Epic,De***z
AS VAL - Pollinator,Epic,po***_*
AS VAL - Pollinator,Epic,e**:
AS VAL - Pollinator,Epic,tks***e.3
AS VAL - Pollinator,Epic,ETS¥***O-T
AS VAL - Pollinator,Epic,۞/***/
AS VAL - Pollinator,Epic,FK***.
AS VAL - Pollinator,Epic,bryan***v320
AS VAL - Pollinator,Epic,Ur***rt
AS VAL - Pollinator,Epic,}Gabr***{pro
AS VAL - Pollinator,Epic,[iw2P***l0QP
AS VAL - Pollinator,Epic,CR***¥
AS VAL - Pollinator,Epic,ঐƤa***taঐ
AS VAL - Pollinator,Epic,Jos***984
AS VAL - Pollinator,Epic,Gend***on2u
AS VAL - Pollinator,Epic,Gus***o滅
AS VAL - Pollinator,Epic,wel***17
AS VAL - Pollinator,Epic,xm***9
AS VAL - Pollinator,Epic,elv***50
AS VAL - Pollinator,Epic,Go***27
AS VAL - Pollinator,Epic,Gua***ar
AS VAL - Pollinator,Epic,ED***UZ
AS VAL - Pollinator,Epic,Vøi***ng
AS VAL - Pollinator,Epic,Romp***ero
AS VAL - Pollinator,Epic,Ди***x
AS VAL - Pollinator,Epic,[eKnj***cH3Y
AS VAL - Pollinator,Epic,Juni***lion
AS VAL - Pollinator,Epic,Ron***-86
AS VAL - Pollinator,Epic,Gutt***...
AS VAL - Pollinator,Epic,2fel***821
AS VAL - Pollinator,Epic,Chri***gard
AS VAL - Pollinator,Epic,André***0497
AS VAL - Pollinator,Epic,ЯS۞Da***itaঐ
AS VAL - Pollinator,Epic,<~~Cri***an~~>
AS VAL - Pollinator,Epic,IMB***ӃI
AS VAL - Pollinator,Epic,JA***66
AS VAL - Pollinator,Epic,Migu***vs99
AS VAL - Pollinator,Epic,ঐ.an***a.ঐ
AS VAL - Pollinator,Epic,Ráfag***lar05
AS VAL - Pollinator,Epic,Jan***519
AS VAL - Pollinator,Epic,[ebvX***gxrp
AS VAL - Pollinator,Epic,{9DDG***UgHp
AS VAL - Pollinator,Epic,J***X
AS VAL - Pollinator,Epic,MĮ٠***Ìঔৣ
AS VAL - Pollinator,Epic,FIK***COL
AS VAL - Pollinator,Epic,T***1
AS VAL - Pollinator,Epic,Fal***zz
AS VAL - Pollinator,Epic,Laur***pro.
AS VAL - Pollinator,Epic,Holge***iper
AS VAL - Pollinator,Epic,Garc***gnb
AS VAL - Pollinator,Epic,Jo***҉.
AS VAL - Pollinator,Epic,м۞nke***ichi
AS VAL - Pollinator,Epic,Fxs***ito
AS VAL - Pollinator,Epic,ěľ-***âčö
AS VAL - Pollinator,Epic,么Yi***ak么
AS VAL - Pollinator,Epic,Ozi***/TK
AS VAL - Pollinator,Epic,shir***340
AS VAL - Pollinator,Epic,Malk***007
AS VAL - Pollinator,Epic,Kel***p24
AS VAL - Pollinator,Epic,Sp***.®
AS VAL - Pollinator,Epic,lions***opez
AS VAL - Pollinator,Epic,£Ҝ・***mic
AS VAL - Pollinator,Epic,GA***A
AS VAL - Pollinator,Epic,ƝXॢ~***ndaঐ
AS VAL - Pollinator,Epic,yon***788